FID,adm1_id,adm1_src,adm1_name,adm1_name1,adm1_name2,adm0_id,adm0_src,adm0_name,adm0_name1,adm0_name2,src_lvl,src_lang,src_lang1,src_lang2,src_date,src_update,src_name,src_name1,src_lic,src_url,src_grp,iso_cd,iso_2,iso_3,iso_3_grp,region3_cd,region3_nm,region2_cd,region2_nm,region1_cd,region1_nm,status_cd,status_nm,wld_date,wld_update,wld_view,wld_notes,SqKM,2000,2001,2002,2003,2004,2005,2006,2007,2008,2009,2010,2011,2012,2013,2014,2015,2016,2017,2018,2019,2020,2021,2022
0,COK-20220801, , , , ,COK-20220801,COK,Cook Islands (NZ),Cook Islands,0,0, , , ,,, , , , , ,184,CK,COK,NZL,61,Polynesia,61,Polynesia,9,Oceania,5,Territory/Self-governing territory,22/08/2022 00:00:00,1/8/22 0:00,intl, ,281.30799,173.0,267.0,280.0,268.0,272.0,260.0,249.0,267.0,254.0,267.0,273.0,279.0,269.0,298.0,267.0,262.0,262.0,251.0,259.0,251.0,239.0,275.0,253.0
1,CPT-20220801, , , , ,CPT-20220801,CPT,Clipperton Island (Fr.),Clipperton Island,0,0, , , ,,, , , , , ,900,CP,CPT,FRA,61,Polynesia,61,Polynesia,9,Oceania,5,Territory/Self-governing territory,22/08/2022 00:00:00,1/8/22 0:00,intl, ,9.20328,87.0,190.0,197.0,205.0,199.0,219.0,198.0,197.0,203.0,201.0,205.0,203.0,205.0,199.0,185.0,161.0,176.0,199.0,175.0,193.0,188.0,168.0,150.0
2,FJI-20210102-1,FJI-ADM1-2392783B24185004,Central, , ,FJI-20220801,FJI,Fiji,Fiji,0,4,en, , ,1/1/07 0:00,2/1/21 0:00,Pacific Data Hub, ,Creative Commons Attribution 4.0 (CC BY 4.0),https://www.geoboundaries.org/api/current/gbOpen/FJI/ALL/,geoBoundaries,242,FJ,FJI,FJI,54,Melanesia,54,Melanesia,9,Oceania,1,State,22/08/2022 00:00:00,1/8/22 0:00,intl, ,4944.71649,143.0,258.0,250.0,270.0,269.0,267.0,274.0,239.0,241.0,245.0,265.0,214.0,216.0,241.0,258.0,287.0,275.0,240.0,230.0,237.0,232.0,221.0,214.0
3,FJI-20210102-2,FJI-ADM1-2392783B58557829,Eastern, , ,FJI-20220801,FJI,Fiji,Fiji,0,4,en, , ,1/1/07 0:00,2/1/21 0:00,Pacific Data Hub, ,Creative Commons Attribution 4.0 (CC BY 4.0),https://www.geoboundaries.org/api/current/gbOpen/FJI/ALL/,geoBoundaries,242,FJ,FJI,FJI,54,Melanesia,54,Melanesia,9,Oceania,1,State,22/08/2022 00:00:00,1/8/22 0:00,intl, ,1571.28828,153.0,264.0,274.0,284.0,283.0,284.0,287.0,254.0,252.0,272.0,287.0,242.0,258.0,263.0,287.0,288.0,284.0,270.0,257.0,255.0,268.0,253.0,230.0
4,FJI-20210102-3,FJI-ADM1-2392783B62760992,Northern, , ,FJI-20220801,FJI,Fiji,Fiji,0,4,en, , ,1/1/07 0:00,2/1/21 0:00,Pacific Data Hub, ,Creative Commons Attribution 4.0 (CC BY 4.0),https://www.geoboundaries.org/api/current/gbOpen/FJI/ALL/,geoBoundaries,242,FJ,FJI,FJI,54,Melanesia,54,Melanesia,9,Oceania,1,State,22/08/2022 00:00:00,1/8/22 0:00,intl, ,6953.16469,152.0,258.0,249.0,275.0,262.0,263.0,259.0,237.0,246.0,243.0,268.0,225.0,230.0,233.0,261.0,275.0,279.0,233.0,249.0,241.0,239.0,224.0,209.0
5,FJI-20210102-4,FJI-ADM1-2392783B49665477,Western, , ,FJI-20220801,FJI,Fiji,Fiji,0,4,en, , ,1/1/07 0:00,2/1/21 0:00,Pacific Data Hub, ,Creative Commons Attribution 4.0 (CC BY 4.0),https://www.geoboundaries.org/api/current/gbOpen/FJI/ALL/,geoBoundaries,242,FJ,FJI,FJI,54,Melanesia,54,Melanesia,9,Oceania,1,State,22/08/2022 00:00:00,1/8/22 0:00,intl, ,7232.08862,152.0,257.0,255.0,292.0,274.0,281.0,279.0,246.0,248.0,250.0,276.0,230.0,239.0,258.0,272.0,282.0,280.0,241.0,247.0,251.0,245.0,232.0,229.0
6,FSM-20210716-1,FSM-ADM1-64989084B87605857,Chuuk, , ,FSM-20220801,FSM,Micronesia (Federated States of),Micronesia (Federated States of),0,2,en, , ,1/1/19 0:00,16/07/2021 00:00:00,OCHA ROP,"Federated States of Micronesia Division of Statistics, 2010 Census of Population and Housing and Secretariat of the Pacific Community, Statistics for Development Division",Creative Commons Attribution 3.0 Intergovernmental Organisations (CC BY 3.0 IGO),https://www.geoboundaries.org/api/current/gbOpen/FSM/ALL/,geoBoundaries,583,FM,FSM,FSM,57,Micronesia,57,Micronesia,9,Oceania,1,State,22/08/2022 00:00:00,1/8/22 0:00,intl, ,122.86019,107.0,195.0,214.0,199.0,197.0,204.0,211.0,190.0,213.0,196.0,209.0,171.0,198.0,213.0,180.0,206.0,194.0,197.0,188.0,192.0,202.0,200.0,186.0
7,FSM-20210716-2,FSM-ADM1-64989084B857262,Kosrae, , ,FSM-20220801,FSM,Micronesia (Federated States of),Micronesia (Federated States of),0,2,en, , ,1/1/19 0:00,16/07/2021 00:00:00,OCHA ROP,"Federated States of Micronesia Division of Statistics, 2010 Census of Population and Housing and Secretariat of the Pacific Community, Statistics for Development Division",Creative Commons Attribution 3.0 Intergovernmental Organisations (CC BY 3.0 IGO),https://www.geoboundaries.org/api/current/gbOpen/FSM/ALL/,geoBoundaries,583,FM,FSM,FSM,57,Micronesia,57,Micronesia,9,Oceania,1,State,22/08/2022 00:00:00,1/8/22 0:00,intl, ,112.36136,76.0,142.0,160.0,159.0,153.0,121.0,138.0,132.0,116.0,132.0,167.0,107.0,124.0,138.0,116.0,146.0,159.0,79.0,122.0,117.0,105.0,83.0,83.0
8,FSM-20210716-3,FSM-ADM1-64989084B48757476,Pohnpei, , ,FSM-20220801,FSM,Micronesia (Federated States of),Micronesia (Federated States of),0,2,en, , ,1/1/19 0:00,16/07/2021 00:00:00,OCHA ROP,"Federated States of Micronesia Division of Statistics, 2010 Census of Population and Housing and Secretariat of the Pacific Community, Statistics for Development Division",Creative Commons Attribution 3.0 Intergovernmental Organisations (CC BY 3.0 IGO),https://www.geoboundaries.org/api/current/gbOpen/FSM/ALL/,geoBoundaries,583,FM,FSM,FSM,57,Micronesia,57,Micronesia,9,Oceania,1,State,22/08/2022 00:00:00,1/8/22 0:00,intl, ,377.70545,117.0,187.0,193.0,183.0,184.0,174.0,189.0,178.0,208.0,186.0,252.0,198.0,172.0,190.0,161.0,177.0,216.0,168.0,174.0,178.0,248.0,220.0,233.0
9,FSM-20210716-4,FSM-ADM1-64989084B24478045,Yap, , ,FSM-20220801,FSM,Micronesia (Federated States of),Micronesia (Federated States of),0,2,en, , ,1/1/19 0:00,16/07/2021 00:00:00,OCHA ROP,"Federated States of Micronesia Division of Statistics, 2010 Census of Population and Housing and Secretariat of the Pacific Community, Statistics for Development Division",Creative Commons Attribution 3.0 Intergovernmental Organisations (CC BY 3.0 IGO),https://www.geoboundaries.org/api/current/gbOpen/FSM/ALL/,geoBoundaries,583,FM,FSM,FSM,57,Micronesia,57,Micronesia,9,Oceania,1,State,22/08/2022 00:00:00,1/8/22 0:00,intl, ,118.29311,98.0,223.0,224.0,209.0,212.0,219.0,213.0,194.0,214.0,198.0,206.0,166.0,195.0,229.0,203.0,210.0,221.0,174.0,191.0,218.0,212.0,180.0,177.0
10,KIR-20200925-1,KIR-ADM1-97431129B64900294,Gilbert Islands, , ,KIR-20220801,KIR,Kiribati,Kiribati,0,2,en, , ,1/1/17 0:00,25/09/2020 00:00:00,OpenStreetMap,Wambacher,Open Data Commons Open Database License 1.0,https://www.geoboundaries.org/api/current/gbOpen/KIR/ALL/,geoBoundaries,296,KI,KIR,KIR,57,Micronesia,57,Micronesia,9,Oceania,1,State,22/08/2022 00:00:00,1/8/22 0:00,intl, ,351.88131,169.0,281.0,197.0,270.0,249.0,284.0,268.0,295.0,337.0,268.0,269.0,312.0,274.0,307.0,252.0,163.0,265.0,305.0,302.0,207.0,299.0,318.0,325.0
11,KIR-20200925-2,KIR-ADM1-97431129B95465246,Line Islands, , ,KIR-20220801,KIR,Kiribati,Kiribati,0,2,en, , ,1/1/17 0:00,25/09/2020 00:00:00,OpenStreetMap,Wambacher,Open Data Commons Open Database License 1.0,https://www.geoboundaries.org/api/current/gbOpen/KIR/ALL/,geoBoundaries,296,KI,KIR,KIR,57,Micronesia,57,Micronesia,9,Oceania,1,State,22/08/2022 00:00:00,1/8/22 0:00,intl, ,675.68246,204.0,338.0,319.0,338.0,330.0,331.0,331.0,343.0,342.0,328.0,311.0,338.0,322.0,348.0,328.0,294.0,291.0,343.0,342.0,324.0,353.0,342.0,352.0
12,KIR-20200925-3,KIR-ADM1-97431129B92433757,Phoenix Islands, , ,KIR-20220801,KIR,Kiribati,Kiribati,0,2,en, , ,1/1/17 0:00,25/09/2020 00:00:00,OpenStreetMap,Wambacher,Open Data Commons Open Database License 1.0,https://www.geoboundaries.org/api/current/gbOpen/KIR/ALL/,geoBoundaries,296,KI,KIR,KIR,57,Micronesia,57,Micronesia,9,Oceania,1,State,22/08/2022 00:00:00,1/8/22 0:00,intl, ,79.47373,187.0,296.0,249.0,309.0,297.0,298.0,309.0,308.0,329.0,291.0,278.0,321.0,310.0,313.0,300.0,210.0,256.0,304.0,325.0,268.0,316.0,328.0,326.0
13,MHL-20200925-01,MHL-ADM1-77969171B78439827,Ailinglaplap, , ,MHL-20220801,MHL,Marshall Islands,Marshall Islands,0,1,en, , ,1/1/17 0:00,25/09/2020 00:00:00,OpenStreetMap,Wambacher,Open Data Commons Open Database License 1.0,https://www.geoboundaries.org/api/current/gbOpen/MHL/ALL/,geoBoundaries,584,MH,MHL,MHL,57,Micronesia,57,Micronesia,9,Oceania,1,State,22/08/2022 00:00:00,1/8/22 0:00,intl, ,15.96907,90.0,200.0,182.0,192.0,189.0,196.0,199.0,202.0,183.0,208.0,202.0,152.0,207.0,211.0,175.0,170.0,191.0,180.0,155.0,207.0,165.0,186.0,129.0
14,MHL-20200925-02,MHL-ADM1-77969171B1338463,Ailuk, , ,MHL-20220801,MHL,Marshall Islands,Marshall Islands,0,1,en, , ,1/1/17 0:00,25/09/2020 00:00:00,OpenStreetMap,Wambacher,Open Data Commons Open Database License 1.0,https://www.geoboundaries.org/api/current/gbOpen/MHL/ALL/,geoBoundaries,584,MH,MHL,MHL,57,Micronesia,57,Micronesia,9,Oceania,1,State,22/08/2022 00:00:00,1/8/22 0:00,intl, ,7.65269,125.0,250.0,213.0,240.0,228.0,270.0,251.0,250.0,287.0,276.0,255.0,248.0,255.0,263.0,224.0,212.0,245.0,265.0,199.0,250.0,250.0,249.0,217.0
15,MHL-20200925-03,MHL-ADM1-77969171B26491534,Arno, , ,MHL-20220801,MHL,Marshall Islands,Marshall Islands,0,1,en, , ,1/1/17 0:00,25/09/2020 00:00:00,OpenStreetMap,Wambacher,Open Data Commons Open Database License 1.0,https://www.geoboundaries.org/api/current/gbOpen/MHL/ALL/,geoBoundaries,584,MH,MHL,MHL,57,Micronesia,57,Micronesia,9,Oceania,1,State,22/08/2022 00:00:00,1/8/22 0:00,intl, ,15.32572,90.0,168.0,175.0,183.0,176.0,173.0,207.0,192.0,179.0,184.0,184.0,162.0,208.0,199.0,156.0,167.0,199.0,153.0,126.0,183.0,155.0,157.0,137.0
16,MHL-20200925-04,MHL-ADM1-77969171B25861322,Aur, , ,MHL-20220801,MHL,Marshall Islands,Marshall Islands,0,1,en, , ,1/1/17 0:00,25/09/2020 00:00:00,OpenStreetMap,Wambacher,Open Data Commons Open Database License 1.0,https://www.geoboundaries.org/api/current/gbOpen/MHL/ALL/,geoBoundaries,584,MH,MHL,MHL,57,Micronesia,57,Micronesia,9,Oceania,1,State,22/08/2022 00:00:00,1/8/22 0:00,intl, ,6.07764,97.0,226.0,206.0,210.0,195.0,237.0,218.0,232.0,220.0,249.0,218.0,183.0,224.0,235.0,190.0,176.0,225.0,212.0,165.0,231.0,195.0,207.0,178.0
17,MHL-20200925-05,MHL-ADM1-77969171B21482466,Ebon, , ,MHL-20220801,MHL,Marshall Islands,Marshall Islands,0,1,en, , ,1/1/17 0:00,25/09/2020 00:00:00,OpenStreetMap,Wambacher,Open Data Commons Open Database License 1.0,https://www.geoboundaries.org/api/current/gbOpen/MHL/ALL/,geoBoundaries,584,MH,MHL,MHL,57,Micronesia,57,Micronesia,9,Oceania,1,State,22/08/2022 00:00:00,1/8/22 0:00,intl, ,5.23461,98.0,138.0,154.0,161.0,169.0,124.0,157.0,173.0,150.0,165.0,189.0,164.0,159.0,155.0,144.0,146.0,183.0,130.0,163.0,159.0,142.0,143.0,131.0
18,MHL-20200925-06,MHL-ADM1-77969171B43209426,Enewetak, , ,MHL-20220801,MHL,Marshall Islands,Marshall Islands,0,1,en, , ,1/1/17 0:00,25/09/2020 00:00:00,OpenStreetMap,Wambacher,Open Data Commons Open Database License 1.0,https://www.geoboundaries.org/api/current/gbOpen/MHL/ALL/,geoBoundaries,584,MH,MHL,MHL,57,Micronesia,57,Micronesia,9,Oceania,1,State,22/08/2022 00:00:00,1/8/22 0:00,intl, ,9.11178,134.0,258.0,242.0,247.0,233.0,251.0,268.0,252.0,287.0,271.0,260.0,260.0,271.0,253.0,235.0,219.0,261.0,263.0,225.0,248.0,254.0,253.0,241.0
19,MHL-20200925-07,MHL-ADM1-77969171B10775552,Jabat, , ,MHL-20220801,MHL,Marshall Islands,Marshall Islands,0,1,en, , ,1/1/17 0:00,25/09/2020 00:00:00,OpenStreetMap,Wambacher,Open Data Commons Open Database License 1.0,https://www.geoboundaries.org/api/current/gbOpen/MHL/ALL/,geoBoundaries,584,MH,MHL,MHL,57,Micronesia,57,Micronesia,9,Oceania,1,State,22/08/2022 00:00:00,1/8/22 0:00,intl, ,0.55496,88.0,200.0,182.0,186.0,184.0,201.0,193.0,208.0,182.0,203.0,189.0,143.0,207.0,205.0,164.0,158.0,193.0,177.0,140.0,209.0,171.0,191.0,128.0
20,MHL-20200925-08,MHL-ADM1-77969171B41198864,Jaluit, , ,MHL-20220801,MHL,Marshall Islands,Marshall Islands,0,1,en, , ,1/1/17 0:00,25/09/2020 00:00:00,OpenStreetMap,Wambacher,Open Data Commons Open Database License 1.0,https://www.geoboundaries.org/api/current/gbOpen/MHL/ALL/,geoBoundaries,584,MH,MHL,MHL,57,Micronesia,57,Micronesia,9,Oceania,1,State,22/08/2022 00:00:00,1/8/22 0:00,intl, ,14.29794,85.0,149.0,166.0,180.0,179.0,175.0,172.0,184.0,150.0,177.0,188.0,137.0,185.0,186.0,156.0,164.0,193.0,133.0,151.0,176.0,135.0,142.0,124.0
21,MHL-20200925-09,MHL-ADM1-77969171B62167569,Kili, , ,MHL-20220801,MHL,Marshall Islands,Marshall Islands,0,1,en, , ,1/1/17 0:00,25/09/2020 00:00:00,OpenStreetMap,Wambacher,Open Data Commons Open Database License 1.0,https://www.geoboundaries.org/api/current/gbOpen/MHL/ALL/,geoBoundaries,584,MH,MHL,MHL,57,Micronesia,57,Micronesia,9,Oceania,1,State,22/08/2022 00:00:00,1/8/22 0:00,intl, ,7.59918,144.0,257.0,234.0,257.0,232.0,276.0,276.0,263.0,298.0,277.0,262.0,273.0,277.0,257.0,238.0,224.0,252.0,283.0,224.0,257.0,276.0,257.0,244.0
22,MHL-20200925-10,MHL-ADM1-77969171B66976617,Kwajalein, , ,MHL-20220801,MHL,Marshall Islands,Marshall Islands,0,1,en, , ,1/1/17 0:00,25/09/2020 00:00:00,OpenStreetMap,Wambacher,Open Data Commons Open Database License 1.0,https://www.geoboundaries.org/api/current/gbOpen/MHL/ALL/,geoBoundaries,584,MH,MHL,MHL,57,Micronesia,57,Micronesia,9,Oceania,1,State,22/08/2022 00:00:00,1/8/22 0:00,intl, ,19.80433,118.0,244.0,207.0,218.0,212.0,238.0,217.0,247.0,254.0,243.0,241.0,215.0,239.0,248.0,200.0,205.0,233.0,230.0,191.0,241.0,222.0,235.0,193.0
23,MHL-20200925-11,MHL-ADM1-77969171B40062504,Lae, , ,MHL-20220801,MHL,Marshall Islands,Marshall Islands,0,1,en, , ,1/1/17 0:00,25/09/2020 00:00:00,OpenStreetMap,Wambacher,Open Data Commons Open Database License 1.0,https://www.geoboundaries.org/api/current/gbOpen/MHL/ALL/,geoBoundaries,584,MH,MHL,MHL,57,Micronesia,57,Micronesia,9,Oceania,1,State,22/08/2022 00:00:00,1/8/22 0:00,intl, ,2.12457,115.0,215.0,193.0,200.0,212.0,221.0,220.0,222.0,232.0,222.0,209.0,191.0,230.0,227.0,179.0,198.0,221.0,208.0,172.0,227.0,195.0,213.0,176.0
24,MHL-20200925-12,MHL-ADM1-77969171B67344423,Lib, , ,MHL-20220801,MHL,Marshall Islands,Marshall Islands,0,1,en, , ,1/1/17 0:00,25/09/2020 00:00:00,OpenStreetMap,Wambacher,Open Data Commons Open Database License 1.0,https://www.geoboundaries.org/api/current/gbOpen/MHL/ALL/,geoBoundaries,584,MH,MHL,MHL,57,Micronesia,57,Micronesia,9,Oceania,1,State,22/08/2022 00:00:00,1/8/22 0:00,intl, ,1.0854,100.0,202.0,197.0,194.0,193.0,229.0,203.0,233.0,217.0,222.0,190.0,176.0,225.0,221.0,177.0,178.0,211.0,210.0,147.0,224.0,184.0,209.0,158.0
25,MHL-20200925-13,MHL-ADM1-77969171B26329739,Likiep, , ,MHL-20220801,MHL,Marshall Islands,Marshall Islands,0,1,en, , ,1/1/17 0:00,25/09/2020 00:00:00,OpenStreetMap,Wambacher,Open Data Commons Open Database License 1.0,https://www.geoboundaries.org/api/current/gbOpen/MHL/ALL/,geoBoundaries,584,MH,MHL,MHL,57,Micronesia,57,Micronesia,9,Oceania,1,State,22/08/2022 00:00:00,1/8/22 0:00,intl, ,10.95489,125.0,256.0,206.0,232.0,223.0,269.0,254.0,254.0,282.0,267.0,236.0,230.0,251.0,261.0,220.0,203.0,249.0,248.0,192.0,248.0,237.0,246.0,206.0
26,MHL-20200925-14,MHL-ADM1-77969171B85569707,Majuro, , ,MHL-20220801,MHL,Marshall Islands,Marshall Islands,0,1,en, , ,1/1/17 0:00,25/09/2020 00:00:00,OpenStreetMap,Wambacher,Open Data Commons Open Database License 1.0,https://www.geoboundaries.org/api/current/gbOpen/MHL/ALL/,geoBoundaries,584,MH,MHL,MHL,57,Micronesia,57,Micronesia,9,Oceania,1,State,22/08/2022 00:00:00,1/8/22 0:00,intl, ,13.1207,86.0,177.0,180.0,172.0,182.0,177.0,211.0,195.0,180.0,192.0,183.0,161.0,202.0,192.0,160.0,167.0,198.0,159.0,143.0,194.0,163.0,158.0,140.0
27,MHL-20200925-15,MHL-ADM1-77969171B613539,Maloelap, , ,MHL-20220801,MHL,Marshall Islands,Marshall Islands,0,1,en, , ,1/1/17 0:00,25/09/2020 00:00:00,OpenStreetMap,Wambacher,Open Data Commons Open Database License 1.0,https://www.geoboundaries.org/api/current/gbOpen/MHL/ALL/,geoBoundaries,584,MH,MHL,MHL,57,Micronesia,57,Micronesia,9,Oceania,1,State,22/08/2022 00:00:00,1/8/22 0:00,intl, ,8.99183,104.0,232.0,206.0,221.0,213.0,252.0,224.0,240.0,240.0,255.0,226.0,202.0,230.0,234.0,197.0,184.0,233.0,227.0,175.0,232.0,204.0,211.0,185.0
28,MHL-20200925-16,MHL-ADM1-77969171B25256121,Mejit, , ,MHL-20220801,MHL,Marshall Islands,Marshall Islands,0,1,en, , ,1/1/17 0:00,25/09/2020 00:00:00,OpenStreetMap,Wambacher,Open Data Commons Open Database License 1.0,https://www.geoboundaries.org/api/current/gbOpen/MHL/ALL/,geoBoundaries,584,MH,MHL,MHL,57,Micronesia,57,Micronesia,9,Oceania,1,State,22/08/2022 00:00:00,1/8/22 0:00,intl, ,3.60236,113.0,245.0,195.0,239.0,227.0,273.0,250.0,249.0,283.0,265.0,257.0,235.0,250.0,256.0,222.0,204.0,226.0,260.0,198.0,232.0,242.0,246.0,220.0
29,MHL-20200925-17,MHL-ADM1-77969171B87618645,Mili, , ,MHL-20220801,MHL,Marshall Islands,Marshall Islands,0,1,en, , ,1/1/17 0:00,25/09/2020 00:00:00,OpenStreetMap,Wambacher,Open Data Commons Open Database License 1.0,https://www.geoboundaries.org/api/current/gbOpen/MHL/ALL/,geoBoundaries,584,MH,MHL,MHL,57,Micronesia,57,Micronesia,9,Oceania,1,State,22/08/2022 00:00:00,1/8/22 0:00,intl, ,14.77477,97.0,156.0,167.0,161.0,174.0,153.0,168.0,161.0,161.0,168.0,184.0,143.0,186.0,170.0,138.0,156.0,191.0,134.0,133.0,168.0,134.0,133.0,122.0
30,MHL-20200925-18,MHL-ADM1-77969171B84822808,Namdrik, , ,MHL-20220801,MHL,Marshall Islands,Marshall Islands,0,1,en, , ,1/1/17 0:00,25/09/2020 00:00:00,OpenStreetMap,Wambacher,Open Data Commons Open Database License 1.0,https://www.geoboundaries.org/api/current/gbOpen/MHL/ALL/,geoBoundaries,584,MH,MHL,MHL,57,Micronesia,57,Micronesia,9,Oceania,1,State,22/08/2022 00:00:00,1/8/22 0:00,intl, ,4.01208,87.0,145.0,156.0,178.0,168.0,158.0,161.0,183.0,154.0,170.0,175.0,122.0,155.0,164.0,145.0,146.0,186.0,120.0,156.0,170.0,136.0,129.0,100.0
31,MHL-20200925-19,MHL-ADM1-77969171B29136781,Namu, , ,MHL-20220801,MHL,Marshall Islands,Marshall Islands,0,1,en, , ,1/1/17 0:00,25/09/2020 00:00:00,OpenStreetMap,Wambacher,Open Data Commons Open Database License 1.0,https://www.geoboundaries.org/api/current/gbOpen/MHL/ALL/,geoBoundaries,584,MH,MHL,MHL,57,Micronesia,57,Micronesia,9,Oceania,1,State,22/08/2022 00:00:00,1/8/22 0:00,intl, ,5.9404,106.0,212.0,191.0,210.0,193.0,216.0,208.0,230.0,209.0,219.0,198.0,177.0,222.0,232.0,183.0,184.0,205.0,205.0,157.0,218.0,181.0,204.0,151.0
32,MHL-20200925-20,MHL-ADM1-77969171B39929553,Rongelap, , ,MHL-20220801,MHL,Marshall Islands,Marshall Islands,0,1,en, , ,1/1/17 0:00,25/09/2020 00:00:00,OpenStreetMap,Wambacher,Open Data Commons Open Database License 1.0,https://www.geoboundaries.org/api/current/gbOpen/MHL/ALL/,geoBoundaries,584,MH,MHL,MHL,57,Micronesia,57,Micronesia,9,Oceania,1,State,22/08/2022 00:00:00,1/8/22 0:00,intl, ,13.42408,141.0,258.0,239.0,256.0,232.0,281.0,268.0,260.0,311.0,284.0,266.0,271.0,272.0,275.0,257.0,230.0,250.0,273.0,221.0,260.0,273.0,256.0,247.0
33,MHL-20200925-21,MHL-ADM1-77969171B10326431,Ujae, , ,MHL-20220801,MHL,Marshall Islands,Marshall Islands,0,1,en, , ,1/1/17 0:00,25/09/2020 00:00:00,OpenStreetMap,Wambacher,Open Data Commons Open Database License 1.0,https://www.geoboundaries.org/api/current/gbOpen/MHL/ALL/,geoBoundaries,584,MH,MHL,MHL,57,Micronesia,57,Micronesia,9,Oceania,1,State,22/08/2022 00:00:00,1/8/22 0:00,intl, ,2.78886,115.0,215.0,202.0,200.0,209.0,230.0,214.0,233.0,247.0,229.0,223.0,205.0,240.0,232.0,197.0,211.0,229.0,215.0,165.0,229.0,221.0,227.0,178.0
34,MHL-20200925-22,MHL-ADM1-77969171B67382439,Utirik, , ,MHL-20220801,MHL,Marshall Islands,Marshall Islands,0,1,en, , ,1/1/17 0:00,25/09/2020 00:00:00,OpenStreetMap,Wambacher,Open Data Commons Open Database License 1.0,https://www.geoboundaries.org/api/current/gbOpen/MHL/ALL/,geoBoundaries,584,MH,MHL,MHL,57,Micronesia,57,Micronesia,9,Oceania,1,State,22/08/2022 00:00:00,1/8/22 0:00,intl, ,9.9088,152.0,295.0,261.0,270.0,258.0,286.0,288.0,284.0,319.0,288.0,293.0,292.0,298.0,277.0,277.0,267.0,267.0,295.0,257.0,278.0,298.0,284.0,270.0
35,MHL-20200925-23,MHL-ADM1-77969171B50003833,Wotho, , ,MHL-20220801,MHL,Marshall Islands,Marshall Islands,0,1,en, , ,1/1/17 0:00,25/09/2020 00:00:00,OpenStreetMap,Wambacher,Open Data Commons Open Database License 1.0,https://www.geoboundaries.org/api/current/gbOpen/MHL/ALL/,geoBoundaries,584,MH,MHL,MHL,57,Micronesia,57,Micronesia,9,Oceania,1,State,22/08/2022 00:00:00,1/8/22 0:00,intl, ,5.48962,124.0,261.0,221.0,232.0,225.0,254.0,242.0,254.0,282.0,261.0,247.0,238.0,257.0,245.0,228.0,214.0,235.0,250.0,186.0,230.0,237.0,236.0,198.0
36,MHL-20200925-24,MHL-ADM1-77969171B27782676,Wotje, , ,MHL-20220801,MHL,Marshall Islands,Marshall Islands,0,1,en, , ,1/1/17 0:00,25/09/2020 00:00:00,OpenStreetMap,Wambacher,Open Data Commons Open Database License 1.0,https://www.geoboundaries.org/api/current/gbOpen/MHL/ALL/,geoBoundaries,584,MH,MHL,MHL,57,Micronesia,57,Micronesia,9,Oceania,1,State,22/08/2022 00:00:00,1/8/22 0:00,intl, ,11.29438,114.0,245.0,212.0,219.0,220.0,269.0,240.0,255.0,253.0,272.0,240.0,220.0,238.0,252.0,207.0,201.0,236.0,241.0,182.0,242.0,219.0,237.0,199.0
37,NCL-20220801, , , , ,NCL-20220801,NCL,New Caledonia (Fr.),New Caledonia,0,0, , , ,,, , , , , ,540,NC,NCL,FRA,54,Melanesia,54,Melanesia,9,Oceania,3,Non-self-governing territory,22/08/2022 00:00:00,1/8/22 0:00,intl, ,21479.53603,198.0,326.0,323.0,320.0,328.0,312.0,321.0,317.0,298.0,302.0,310.0,289.0,306.0,319.0,305.0,312.0,312.0,311.0,302.0,330.0,310.0,295.0,277.0
38,NIU-20201217-01,NIU-ADM1-93272968B5024039,Alofi North, , ,NIU-20220801,NIU,Niue (NZ),Niue,0,1,en, , ,1/1/20 0:00,17/12/2020 00:00:00,Pacific Data Hub, ,Creative Commons Attribution 4.0 International (CC BY 4.0),https://www.geoboundaries.org/api/current/gbOpen/NIU/ALL/,geoBoundaries,570,NU,NIU,NZL,61,Polynesia,61,Polynesia,9,Oceania,5,Territory/Self-governing territory,22/08/2022 00:00:00,1/8/22 0:00,intl, ,30.13291,115.0,228.0,250.0,273.0,250.0,226.0,233.0,233.0,218.0,244.0,236.0,213.0,234.0,244.0,246.0,255.0,242.0,214.0,230.0,221.0,208.0,198.0,206.0
39,NIU-20201217-02,NIU-ADM1-93272968B27071451,Alofi South, , ,NIU-20220801,NIU,Niue (NZ),Niue,0,1,en, , ,1/1/20 0:00,17/12/2020 00:00:00,Pacific Data Hub, ,Creative Commons Attribution 4.0 International (CC BY 4.0),https://www.geoboundaries.org/api/current/gbOpen/NIU/ALL/,geoBoundaries,570,NU,NIU,NZL,61,Polynesia,61,Polynesia,9,Oceania,5,Territory/Self-governing territory,22/08/2022 00:00:00,1/8/22 0:00,intl, ,22.31057,115.0,228.0,250.0,273.0,250.0,226.0,233.0,233.0,218.0,244.0,236.0,213.0,234.0,244.0,246.0,255.0,242.0,214.0,230.0,221.0,208.0,198.0,206.0
40,NIU-20201217-03,NIU-ADM1-93272968B99591797,Avatele, , ,NIU-20220801,NIU,Niue (NZ),Niue,0,1,en, , ,1/1/20 0:00,17/12/2020 00:00:00,Pacific Data Hub, ,Creative Commons Attribution 4.0 International (CC BY 4.0),https://www.geoboundaries.org/api/current/gbOpen/NIU/ALL/,geoBoundaries,570,NU,NIU,NZL,61,Polynesia,61,Polynesia,9,Oceania,5,Territory/Self-governing territory,22/08/2022 00:00:00,1/8/22 0:00,intl, ,14.6656,123.0,229.0,256.0,273.0,256.0,224.0,234.0,233.0,221.0,244.0,234.0,219.0,246.0,249.0,245.0,256.0,242.0,209.0,227.0,230.0,216.0,209.0,219.0
41,NIU-20201217-04,NIU-ADM1-93272968B68628093,Hakupu, , ,NIU-20220801,NIU,Niue (NZ),Niue,0,1,en, , ,1/1/20 0:00,17/12/2020 00:00:00,Pacific Data Hub, ,Creative Commons Attribution 4.0 International (CC BY 4.0),https://www.geoboundaries.org/api/current/gbOpen/NIU/ALL/,geoBoundaries,570,NU,NIU,NZL,61,Polynesia,61,Polynesia,9,Oceania,5,Territory/Self-governing territory,22/08/2022 00:00:00,1/8/22 0:00,intl, ,50.06442,97.0,216.0,249.0,273.0,247.0,224.0,232.0,233.0,218.0,244.0,232.0,215.0,236.0,243.0,241.0,253.0,238.0,207.0,225.0,229.0,214.0,197.0,207.0
42,NIU-20201217-05,NIU-ADM1-93272968B22665780,Hikutavake, , ,NIU-20220801,NIU,Niue (NZ),Niue,0,1,en, , ,1/1/20 0:00,17/12/2020 00:00:00,Pacific Data Hub, ,Creative Commons Attribution 4.0 International (CC BY 4.0),https://www.geoboundaries.org/api/current/gbOpen/NIU/ALL/,geoBoundaries,570,NU,NIU,NZL,61,Polynesia,61,Polynesia,9,Oceania,5,Territory/Self-governing territory,22/08/2022 00:00:00,1/8/22 0:00,intl, ,12.55638,114.0,218.0,261.0,270.0,253.0,218.0,234.0,230.0,217.0,245.0,235.0,213.0,234.0,238.0,244.0,251.0,243.0,207.0,218.0,222.0,216.0,208.0,205.0
43,NIU-20201217-06,NIU-ADM1-93272968B67473314,Lakepa, , ,NIU-20220801,NIU,Niue (NZ),Niue,0,1,en, , ,1/1/20 0:00,17/12/2020 00:00:00,Pacific Data Hub, ,Creative Commons Attribution 4.0 International (CC BY 4.0),https://www.geoboundaries.org/api/current/gbOpen/NIU/ALL/,geoBoundaries,570,NU,NIU,NZL,61,Polynesia,61,Polynesia,9,Oceania,5,Territory/Self-governing territory,22/08/2022 00:00:00,1/8/22 0:00,intl, ,21.70531,114.0,218.0,261.0,273.0,253.0,224.0,234.0,233.0,218.0,245.0,235.0,213.0,238.0,239.0,244.0,251.0,243.0,207.0,223.0,222.0,216.0,208.0,205.0
44,NIU-20201217-07,NIU-ADM1-93272968B30363054,Liku, , ,NIU-20220801,NIU,Niue (NZ),Niue,0,1,en, , ,1/1/20 0:00,17/12/2020 00:00:00,Pacific Data Hub, ,Creative Commons Attribution 4.0 International (CC BY 4.0),https://www.geoboundaries.org/api/current/gbOpen/NIU/ALL/,geoBoundaries,570,NU,NIU,NZL,61,Polynesia,61,Polynesia,9,Oceania,5,Territory/Self-governing territory,22/08/2022 00:00:00,1/8/22 0:00,intl, ,54.27329,97.0,216.0,249.0,273.0,247.0,224.0,232.0,233.0,218.0,244.0,232.0,215.0,236.0,243.0,241.0,253.0,238.0,207.0,225.0,229.0,214.0,197.0,207.0
45,NIU-20201217-08,NIU-ADM1-93272968B37412917,Makefu, , ,NIU-20220801,NIU,Niue (NZ),Niue,0,1,en, , ,1/1/20 0:00,17/12/2020 00:00:00,Pacific Data Hub, ,Creative Commons Attribution 4.0 International (CC BY 4.0),https://www.geoboundaries.org/api/current/gbOpen/NIU/ALL/,geoBoundaries,570,NU,NIU,NZL,61,Polynesia,61,Polynesia,9,Oceania,5,Territory/Self-governing territory,22/08/2022 00:00:00,1/8/22 0:00,intl, ,14.92219,131.0,238.0,256.0,273.0,251.0,226.0,234.0,236.0,222.0,248.0,236.0,225.0,239.0,249.0,249.0,255.0,242.0,214.0,230.0,223.0,219.0,217.0,214.0
46,NIU-20201217-09,NIU-ADM1-93272968B91564996,Mutalau, , ,NIU-20220801,NIU,Niue (NZ),Niue,0,1,en, , ,1/1/20 0:00,17/12/2020 00:00:00,Pacific Data Hub, ,Creative Commons Attribution 4.0 International (CC BY 4.0),https://www.geoboundaries.org/api/current/gbOpen/NIU/ALL/,geoBoundaries,570,NU,NIU,NZL,61,Polynesia,61,Polynesia,9,Oceania,5,Territory/Self-governing territory,22/08/2022 00:00:00,1/8/22 0:00,intl, ,26.8932,114.0,218.0,261.0,273.0,253.0,224.0,234.0,233.0,218.0,245.0,235.0,213.0,234.0,239.0,244.0,251.0,243.0,207.0,223.0,222.0,216.0,208.0,205.0
47,NIU-20201217-10,NIU-ADM1-93272968B99333348,Namukulu, , ,NIU-20220801,NIU,Niue (NZ),Niue,0,1,en, , ,1/1/20 0:00,17/12/2020 00:00:00,Pacific Data Hub, ,Creative Commons Attribution 4.0 International (CC BY 4.0),https://www.geoboundaries.org/api/current/gbOpen/NIU/ALL/,geoBoundaries,570,NU,NIU,NZL,61,Polynesia,61,Polynesia,9,Oceania,5,Territory/Self-governing territory,22/08/2022 00:00:00,1/8/22 0:00,intl, ,1.89329,114.0,218.0,261.0,270.0,253.0,218.0,234.0,230.0,217.0,245.0,235.0,213.0,234.0,238.0,244.0,251.0,243.0,207.0,218.0,222.0,216.0,208.0,205.0
48,NIU-20201217-11,NIU-ADM1-93272968B19280791,Tamakautoga, , ,NIU-20220801,NIU,Niue (NZ),Niue,0,1,en, , ,1/1/20 0:00,17/12/2020 00:00:00,Pacific Data Hub, ,Creative Commons Attribution 4.0 International (CC BY 4.0),https://www.geoboundaries.org/api/current/gbOpen/NIU/ALL/,geoBoundaries,570,NU,NIU,NZL,61,Polynesia,61,Polynesia,9,Oceania,5,Territory/Self-governing territory,22/08/2022 00:00:00,1/8/22 0:00,intl, ,14.40326,123.0,229.0,256.0,273.0,256.0,226.0,234.0,233.0,221.0,244.0,236.0,219.0,246.0,249.0,246.0,256.0,242.0,214.0,230.0,230.0,216.0,209.0,219.0
49,NIU-20201217-12,NIU-ADM1-93272968B39581911,Toi, , ,NIU-20220801,NIU,Niue (NZ),Niue,0,1,en, , ,1/1/20 0:00,17/12/2020 00:00:00,Pacific Data Hub, ,Creative Commons Attribution 4.0 International (CC BY 4.0),https://www.geoboundaries.org/api/current/gbOpen/NIU/ALL/,geoBoundaries,570,NU,NIU,NZL,61,Polynesia,61,Polynesia,9,Oceania,5,Territory/Self-governing territory,22/08/2022 00:00:00,1/8/22 0:00,intl, ,7.92267,114.0,218.0,261.0,270.0,253.0,218.0,234.0,230.0,217.0,245.0,235.0,213.0,234.0,238.0,244.0,251.0,243.0,207.0,218.0,222.0,216.0,208.0,205.0
50,NIU-20201217-13,NIU-ADM1-93272968B73664666,Tuapa, , ,NIU-20220801,NIU,Niue (NZ),Niue,0,1,en, , ,1/1/20 0:00,17/12/2020 00:00:00,Pacific Data Hub, ,Creative Commons Attribution 4.0 International (CC BY 4.0),https://www.geoboundaries.org/api/current/gbOpen/NIU/ALL/,geoBoundaries,570,NU,NIU,NZL,61,Polynesia,61,Polynesia,9,Oceania,5,Territory/Self-governing territory,22/08/2022 00:00:00,1/8/22 0:00,intl, ,16.36821,131.0,238.0,261.0,273.0,253.0,224.0,234.0,236.0,222.0,248.0,236.0,225.0,239.0,249.0,249.0,254.0,243.0,209.0,223.0,223.0,219.0,217.0,214.0
51,NIU-20201217-14,NIU-ADM1-93272968B58016882,Vaiea, , ,NIU-20220801,NIU,Niue (NZ),Niue,0,1,en, , ,1/1/20 0:00,17/12/2020 00:00:00,Pacific Data Hub, ,Creative Commons Attribution 4.0 International (CC BY 4.0),https://www.geoboundaries.org/api/current/gbOpen/NIU/ALL/,geoBoundaries,570,NU,NIU,NZL,61,Polynesia,61,Polynesia,9,Oceania,5,Territory/Self-governing territory,22/08/2022 00:00:00,1/8/22 0:00,intl, ,5.88335,97.0,216.0,249.0,270.0,247.0,218.0,232.0,233.0,217.0,244.0,224.0,215.0,236.0,243.0,241.0,253.0,238.0,207.0,225.0,229.0,214.0,197.0,207.0
52,NRU-20211116-01,NRU-ADM1-42797286B97916878,Aiwo, , ,NRU-20220801,NRU,Nauru,Nauru,0,1,en, , ,1/1/05 0:00,16/11/2021 00:00:00,geoBoundaries,FreeMapViewer,Public Domain,https://www.geoboundaries.org/api/current/gbOpen/NRU/ALL/,geoBoundaries,520,NR,NRU,NRU,57,Micronesia,57,Micronesia,9,Oceania,1,State,22/08/2022 00:00:00,1/8/22 0:00,intl, ,1.14672,169.0,252.0,157.0,214.0,182.0,212.0,232.0,253.0,310.0,220.0,274.0,277.0,232.0,277.0,161.0,151.0,251.0,273.0,245.0,149.0,277.0,301.0,309.0
53,NRU-20211116-02,NRU-ADM1-42797286B62853614,Anabar, , ,NRU-20220801,NRU,Nauru,Nauru,0,1,en, , ,1/1/05 0:00,16/11/2021 00:00:00,geoBoundaries,FreeMapViewer,Public Domain,https://www.geoboundaries.org/api/current/gbOpen/NRU/ALL/,geoBoundaries,520,NR,NRU,NRU,57,Micronesia,57,Micronesia,9,Oceania,1,State,22/08/2022 00:00:00,1/8/22 0:00,intl, ,1.52739,169.0,252.0,157.0,214.0,182.0,212.0,232.0,253.0,310.0,220.0,274.0,277.0,232.0,277.0,161.0,151.0,251.0,273.0,245.0,149.0,277.0,301.0,309.0
54,NRU-20211116-03,NRU-ADM1-42797286B18631065,Anetan, , ,NRU-20220801,NRU,Nauru,Nauru,0,1,en, , ,1/1/05 0:00,16/11/2021 00:00:00,geoBoundaries,FreeMapViewer,Public Domain,https://www.geoboundaries.org/api/current/gbOpen/NRU/ALL/,geoBoundaries,520,NR,NRU,NRU,57,Micronesia,57,Micronesia,9,Oceania,1,State,22/08/2022 00:00:00,1/8/22 0:00,intl, ,1.02666,169.0,252.0,157.0,214.0,182.0,212.0,232.0,253.0,310.0,220.0,274.0,277.0,232.0,277.0,161.0,151.0,251.0,273.0,245.0,149.0,277.0,301.0,309.0
55,NRU-20211116-04,NRU-ADM1-42797286B8103148,Anibare, , ,NRU-20220801,NRU,Nauru,Nauru,0,1,en, , ,1/1/05 0:00,16/11/2021 00:00:00,geoBoundaries,FreeMapViewer,Public Domain,https://www.geoboundaries.org/api/current/gbOpen/NRU/ALL/,geoBoundaries,520,NR,NRU,NRU,57,Micronesia,57,Micronesia,9,Oceania,1,State,22/08/2022 00:00:00,1/8/22 0:00,intl, ,3.09018,169.0,252.0,157.0,214.0,182.0,212.0,232.0,253.0,310.0,220.0,274.0,277.0,232.0,277.0,161.0,151.0,251.0,273.0,245.0,149.0,277.0,301.0,309.0
56,NRU-20211116-05,NRU-ADM1-42797286B91758305,Baiti, , ,NRU-20220801,NRU,Nauru,Nauru,0,1,en, , ,1/1/05 0:00,16/11/2021 00:00:00,geoBoundaries,FreeMapViewer,Public Domain,https://www.geoboundaries.org/api/current/gbOpen/NRU/ALL/,geoBoundaries,520,NR,NRU,NRU,57,Micronesia,57,Micronesia,9,Oceania,1,State,22/08/2022 00:00:00,1/8/22 0:00,intl, ,1.37131,169.0,252.0,157.0,214.0,182.0,212.0,232.0,253.0,310.0,220.0,274.0,277.0,232.0,277.0,161.0,151.0,251.0,273.0,245.0,149.0,277.0,301.0,309.0
57,NRU-20211116-06,NRU-ADM1-42797286B24223670,Boe, , ,NRU-20220801,NRU,Nauru,Nauru,0,1,en, , ,1/1/05 0:00,16/11/2021 00:00:00,geoBoundaries,FreeMapViewer,Public Domain,https://www.geoboundaries.org/api/current/gbOpen/NRU/ALL/,geoBoundaries,520,NR,NRU,NRU,57,Micronesia,57,Micronesia,9,Oceania,1,State,22/08/2022 00:00:00,1/8/22 0:00,intl, ,0.39187,169.0,252.0,157.0,214.0,182.0,212.0,232.0,253.0,310.0,220.0,274.0,277.0,232.0,277.0,161.0,151.0,251.0,273.0,245.0,149.0,277.0,301.0,309.0
58,NRU-20211116-07,NRU-ADM1-42797286B85595523,Buada, , ,NRU-20220801,NRU,Nauru,Nauru,0,1,en, , ,1/1/05 0:00,16/11/2021 00:00:00,geoBoundaries,FreeMapViewer,Public Domain,https://www.geoboundaries.org/api/current/gbOpen/NRU/ALL/,geoBoundaries,520,NR,NRU,NRU,57,Micronesia,57,Micronesia,9,Oceania,1,State,22/08/2022 00:00:00,1/8/22 0:00,intl, ,2.62781,169.0,252.0,157.0,214.0,182.0,212.0,232.0,253.0,310.0,220.0,274.0,277.0,232.0,277.0,161.0,151.0,251.0,273.0,245.0,149.0,277.0,301.0,309.0
59,NRU-20211116-08,NRU-ADM1-42797286B75680135,Denigomodu, , ,NRU-20220801,NRU,Nauru,Nauru,0,1,en, , ,1/1/05 0:00,16/11/2021 00:00:00,geoBoundaries,FreeMapViewer,Public Domain,https://www.geoboundaries.org/api/current/gbOpen/NRU/ALL/,geoBoundaries,520,NR,NRU,NRU,57,Micronesia,57,Micronesia,9,Oceania,1,State,22/08/2022 00:00:00,1/8/22 0:00,intl, ,1.04838,169.0,252.0,157.0,214.0,182.0,212.0,232.0,253.0,310.0,220.0,274.0,277.0,232.0,277.0,161.0,151.0,251.0,273.0,245.0,149.0,277.0,301.0,309.0
60,NRU-20211116-09,NRU-ADM1-42797286B69064381,Ewa, , ,NRU-20220801,NRU,Nauru,Nauru,0,1,en, , ,1/1/05 0:00,16/11/2021 00:00:00,geoBoundaries,FreeMapViewer,Public Domain,https://www.geoboundaries.org/api/current/gbOpen/NRU/ALL/,geoBoundaries,520,NR,NRU,NRU,57,Micronesia,57,Micronesia,9,Oceania,1,State,22/08/2022 00:00:00,1/8/22 0:00,intl, ,1.2865,169.0,252.0,157.0,214.0,182.0,212.0,232.0,253.0,310.0,220.0,274.0,277.0,232.0,277.0,161.0,151.0,251.0,273.0,245.0,149.0,277.0,301.0,309.0
61,NRU-20211116-10,NRU-ADM1-42797286B32811229,Ijuw, , ,NRU-20220801,NRU,Nauru,Nauru,0,1,en, , ,1/1/05 0:00,16/11/2021 00:00:00,geoBoundaries,FreeMapViewer,Public Domain,https://www.geoboundaries.org/api/current/gbOpen/NRU/ALL/,geoBoundaries,520,NR,NRU,NRU,57,Micronesia,57,Micronesia,9,Oceania,1,State,22/08/2022 00:00:00,1/8/22 0:00,intl, ,1.14563,169.0,252.0,157.0,214.0,182.0,212.0,232.0,253.0,310.0,220.0,274.0,277.0,232.0,277.0,161.0,151.0,251.0,273.0,245.0,149.0,277.0,301.0,309.0
62,NRU-20211116-11,NRU-ADM1-42797286B68610037,Meneng, , ,NRU-20220801,NRU,Nauru,Nauru,0,1,en, , ,1/1/05 0:00,16/11/2021 00:00:00,geoBoundaries,FreeMapViewer,Public Domain,https://www.geoboundaries.org/api/current/gbOpen/NRU/ALL/,geoBoundaries,520,NR,NRU,NRU,57,Micronesia,57,Micronesia,9,Oceania,1,State,22/08/2022 00:00:00,1/8/22 0:00,intl, ,3.04661,169.0,252.0,157.0,214.0,182.0,212.0,232.0,253.0,310.0,220.0,274.0,277.0,232.0,277.0,161.0,151.0,251.0,273.0,245.0,149.0,277.0,301.0,309.0
63,NRU-20211116-12,NRU-ADM1-42797286B94781967,Nibok, , ,NRU-20220801,NRU,Nauru,Nauru,0,1,en, , ,1/1/05 0:00,16/11/2021 00:00:00,geoBoundaries,FreeMapViewer,Public Domain,https://www.geoboundaries.org/api/current/gbOpen/NRU/ALL/,geoBoundaries,520,NR,NRU,NRU,57,Micronesia,57,Micronesia,9,Oceania,1,State,22/08/2022 00:00:00,1/8/22 0:00,intl, ,1.72123,169.0,252.0,157.0,214.0,182.0,212.0,232.0,253.0,310.0,220.0,274.0,277.0,232.0,277.0,161.0,151.0,251.0,273.0,245.0,149.0,277.0,301.0,309.0
64,NRU-20211116-13,NRU-ADM1-42797286B25502401,Uaboe, , ,NRU-20220801,NRU,Nauru,Nauru,0,1,en, , ,1/1/05 0:00,16/11/2021 00:00:00,geoBoundaries,FreeMapViewer,Public Domain,https://www.geoboundaries.org/api/current/gbOpen/NRU/ALL/,geoBoundaries,520,NR,NRU,NRU,57,Micronesia,57,Micronesia,9,Oceania,1,State,22/08/2022 00:00:00,1/8/22 0:00,intl, ,0.89992,169.0,252.0,157.0,214.0,182.0,212.0,232.0,253.0,310.0,220.0,274.0,277.0,232.0,277.0,161.0,151.0,251.0,273.0,245.0,149.0,277.0,301.0,309.0
65,NRU-20211116-14,NRU-ADM1-42797286B56903362,Yaren, , ,NRU-20220801,NRU,Nauru,Nauru,0,1,en, , ,1/1/05 0:00,16/11/2021 00:00:00,geoBoundaries,FreeMapViewer,Public Domain,https://www.geoboundaries.org/api/current/gbOpen/NRU/ALL/,geoBoundaries,520,NR,NRU,NRU,57,Micronesia,57,Micronesia,9,Oceania,1,State,22/08/2022 00:00:00,1/8/22 0:00,intl, ,1.4655,169.0,252.0,157.0,214.0,182.0,212.0,232.0,253.0,310.0,220.0,274.0,277.0,232.0,277.0,161.0,151.0,251.0,273.0,245.0,149.0,277.0,301.0,309.0
66,PCN-20220801, , , , ,PCN-20220801,PCN,Pitcairn (UK),Pitcairn,0,0, , , ,,, , , , , ,612,PN,PCN,GBR,61,Polynesia,61,Polynesia,9,Oceania,3,Non-self-governing territory,22/08/2022 00:00:00,1/8/22 0:00,intl, ,58.95506,165.0,270.0,254.0,266.0,266.0,269.0,301.0,281.0,280.0,270.0,299.0,297.0,261.0,269.0,281.0,278.0,263.0,271.0,271.0,247.0,286.0,275.0,266.0
67,PLW-20210715-01,PLW-ADM1-51375826B22339595,Aimeliik, , ,PLW-20220801,PLW,Palau,Palau,0,2,en, , ,1/1/15 0:00,15/07/2021 00:00:00,Pacific Data Hub,SPC Statistics for Development Division (SDD),Creative Commons Attribution 4.0 (CC BY 4.0),https://www.geoboundaries.org/api/current/gbOpen/PLW/ALL/,geoBoundaries,585,PW,PLW,PLW,57,Micronesia,57,Micronesia,9,Oceania,1,State,22/08/2022 00:00:00,1/8/22 0:00,intl, ,43.8264,71.0,162.0,218.0,170.0,212.0,156.0,182.0,157.0,137.0,152.0,162.0,138.0,143.0,151.0,142.0,224.0,173.0,118.0,176.0,182.0,159.0,121.0,120.0
68,PLW-20210715-02,PLW-ADM1-51375826B33863359,Airai, , ,PLW-20220801,PLW,Palau,Palau,0,2,en, , ,1/1/15 0:00,15/07/2021 00:00:00,Pacific Data Hub,SPC Statistics for Development Division (SDD),Creative Commons Attribution 4.0 (CC BY 4.0),https://www.geoboundaries.org/api/current/gbOpen/PLW/ALL/,geoBoundaries,585,PW,PLW,PLW,57,Micronesia,57,Micronesia,9,Oceania,1,State,22/08/2022 00:00:00,1/8/22 0:00,intl, ,56.61437,71.0,162.0,218.0,167.0,211.0,152.0,175.0,157.0,137.0,150.0,162.0,135.0,143.0,151.0,142.0,224.0,173.0,118.0,176.0,155.0,153.0,110.0,116.0
69,PLW-20210715-03,PLW-ADM1-51375826B9078236,Angaur, , ,PLW-20220801,PLW,Palau,Palau,0,2,en, , ,1/1/15 0:00,15/07/2021 00:00:00,Pacific Data Hub,SPC Statistics for Development Division (SDD),Creative Commons Attribution 4.0 (CC BY 4.0),https://www.geoboundaries.org/api/current/gbOpen/PLW/ALL/,geoBoundaries,585,PW,PLW,PLW,57,Micronesia,57,Micronesia,9,Oceania,1,State,22/08/2022 00:00:00,1/8/22 0:00,intl, ,8.21994,87.0,178.0,229.0,175.0,218.0,151.0,192.0,169.0,159.0,166.0,153.0,135.0,152.0,144.0,164.0,224.0,169.0,133.0,181.0,200.0,176.0,148.0,132.0
70,PLW-20210715-04,PLW-ADM1-51375826B51990264,Hatohobei, , ,PLW-20220801,PLW,Palau,Palau,0,2,en, , ,1/1/15 0:00,15/07/2021 00:00:00,Pacific Data Hub,SPC Statistics for Development Division (SDD),Creative Commons Attribution 4.0 (CC BY 4.0),https://www.geoboundaries.org/api/current/gbOpen/PLW/ALL/,geoBoundaries,585,PW,PLW,PLW,57,Micronesia,57,Micronesia,9,Oceania,1,State,22/08/2022 00:00:00,1/8/22 0:00,intl, ,0.86771,108.0,187.0,270.0,205.0,248.0,187.0,222.0,196.0,159.0,204.0,189.0,138.0,165.0,162.0,204.0,261.0,206.0,155.0,203.0,236.0,176.0,164.0,148.0
71,PLW-20210715-05,PLW-ADM1-51375826B21352998,Kayangel, , ,PLW-20220801,PLW,Palau,Palau,0,2,en, , ,1/1/15 0:00,15/07/2021 00:00:00,Pacific Data Hub,SPC Statistics for Development Division (SDD),Creative Commons Attribution 4.0 (CC BY 4.0),https://www.geoboundaries.org/api/current/gbOpen/PLW/ALL/,geoBoundaries,585,PW,PLW,PLW,57,Micronesia,57,Micronesia,9,Oceania,1,State,22/08/2022 00:00:00,1/8/22 0:00,intl, ,1.76217,85.0,171.0,217.0,180.0,208.0,176.0,194.0,175.0,166.0,167.0,172.0,148.0,164.0,177.0,160.0,227.0,188.0,145.0,192.0,199.0,172.0,157.0,144.0
72,PLW-20210715-06,PLW-ADM1-51375826B96583856,Koror, , ,PLW-20220801,PLW,Palau,Palau,0,2,en, , ,1/1/15 0:00,15/07/2021 00:00:00,Pacific Data Hub,SPC Statistics for Development Division (SDD),Creative Commons Attribution 4.0 (CC BY 4.0),https://www.geoboundaries.org/api/current/gbOpen/PLW/ALL/,geoBoundaries,585,PW,PLW,PLW,57,Micronesia,57,Micronesia,9,Oceania,1,State,22/08/2022 00:00:00,1/8/22 0:00,intl, ,63.259,76.0,173.0,220.0,172.0,219.0,158.0,182.0,163.0,137.0,165.0,161.0,137.0,152.0,155.0,158.0,230.0,175.0,129.0,172.0,186.0,161.0,136.0,140.0
73,PLW-20210715-07,PLW-ADM1-51375826B91762891,Melekeok, , ,PLW-20220801,PLW,Palau,Palau,0,2,en, , ,1/1/15 0:00,15/07/2021 00:00:00,Pacific Data Hub,SPC Statistics for Development Division (SDD),Creative Commons Attribution 4.0 (CC BY 4.0),https://www.geoboundaries.org/api/current/gbOpen/PLW/ALL/,geoBoundaries,585,PW,PLW,PLW,57,Micronesia,57,Micronesia,9,Oceania,1,State,22/08/2022 00:00:00,1/8/22 0:00,intl, ,26.56382,68.0,158.0,207.0,168.0,205.0,153.0,177.0,160.0,133.0,162.0,165.0,135.0,142.0,152.0,141.0,234.0,179.0,118.0,179.0,168.0,144.0,111.0,105.0
74,PLW-20210715-08,PLW-ADM1-51375826B56810559,Ngaraard, , ,PLW-20220801,PLW,Palau,Palau,0,2,en, , ,1/1/15 0:00,15/07/2021 00:00:00,Pacific Data Hub,SPC Statistics for Development Division (SDD),Creative Commons Attribution 4.0 (CC BY 4.0),https://www.geoboundaries.org/api/current/gbOpen/PLW/ALL/,geoBoundaries,585,PW,PLW,PLW,57,Micronesia,57,Micronesia,9,Oceania,1,State,22/08/2022 00:00:00,1/8/22 0:00,intl, ,33.70349,72.0,164.0,207.0,179.0,211.0,163.0,194.0,166.0,135.0,156.0,165.0,136.0,139.0,158.0,152.0,235.0,181.0,122.0,181.0,184.0,163.0,137.0,133.0
75,PLW-20210715-09,PLW-ADM1-51375826B91801133,Ngarchelong, , ,PLW-20220801,PLW,Palau,Palau,0,2,en, , ,1/1/15 0:00,15/07/2021 00:00:00,Pacific Data Hub,SPC Statistics for Development Division (SDD),Creative Commons Attribution 4.0 (CC BY 4.0),https://www.geoboundaries.org/api/current/gbOpen/PLW/ALL/,geoBoundaries,585,PW,PLW,PLW,57,Micronesia,57,Micronesia,9,Oceania,1,State,22/08/2022 00:00:00,1/8/22 0:00,intl, ,12.0185,75.0,158.0,209.0,188.0,209.0,164.0,183.0,171.0,134.0,158.0,175.0,132.0,143.0,157.0,154.0,235.0,181.0,126.0,181.0,187.0,166.0,139.0,132.0
76,PLW-20210715-10,PLW-ADM1-51375826B45735589,Ngardmau, , ,PLW-20220801,PLW,Palau,Palau,0,2,en, , ,1/1/15 0:00,15/07/2021 00:00:00,Pacific Data Hub,SPC Statistics for Development Division (SDD),Creative Commons Attribution 4.0 (CC BY 4.0),https://www.geoboundaries.org/api/current/gbOpen/PLW/ALL/,geoBoundaries,585,PW,PLW,PLW,57,Micronesia,57,Micronesia,9,Oceania,1,State,22/08/2022 00:00:00,1/8/22 0:00,intl, ,34.59089,72.0,164.0,207.0,179.0,211.0,163.0,194.0,166.0,135.0,156.0,165.0,136.0,139.0,158.0,152.0,235.0,181.0,122.0,181.0,184.0,163.0,137.0,133.0
77,PLW-20210715-11,PLW-ADM1-51375826B4045721,Ngatpang, , ,PLW-20220801,PLW,Palau,Palau,0,2,en, , ,1/1/15 0:00,15/07/2021 00:00:00,Pacific Data Hub,SPC Statistics for Development Division (SDD),Creative Commons Attribution 4.0 (CC BY 4.0),https://www.geoboundaries.org/api/current/gbOpen/PLW/ALL/,geoBoundaries,585,PW,PLW,PLW,57,Micronesia,57,Micronesia,9,Oceania,1,State,22/08/2022 00:00:00,1/8/22 0:00,intl, ,40.57617,68.0,163.0,217.0,175.0,212.0,159.0,182.0,165.0,134.0,156.0,165.0,138.0,144.0,154.0,150.0,235.0,179.0,123.0,179.0,182.0,159.0,127.0,123.0
78,PLW-20210715-12,PLW-ADM1-51375826B14124397,Ngchesar, , ,PLW-20220801,PLW,Palau,Palau,0,2,en, , ,1/1/15 0:00,15/07/2021 00:00:00,Pacific Data Hub,SPC Statistics for Development Division (SDD),Creative Commons Attribution 4.0 (CC BY 4.0),https://www.geoboundaries.org/api/current/gbOpen/PLW/ALL/,geoBoundaries,585,PW,PLW,PLW,57,Micronesia,57,Micronesia,9,Oceania,1,State,22/08/2022 00:00:00,1/8/22 0:00,intl, ,42.11163,68.0,158.0,205.0,167.0,205.0,152.0,175.0,157.0,132.0,162.0,164.0,134.0,142.0,142.0,131.0,219.0,173.0,110.0,176.0,153.0,144.0,109.0,96.0
79,PLW-20210715-13,PLW-ADM1-51375826B5083028,Ngeremlengui, , ,PLW-20220801,PLW,Palau,Palau,0,2,en, , ,1/1/15 0:00,15/07/2021 00:00:00,Pacific Data Hub,SPC Statistics for Development Division (SDD),Creative Commons Attribution 4.0 (CC BY 4.0),https://www.geoboundaries.org/api/current/gbOpen/PLW/ALL/,geoBoundaries,585,PW,PLW,PLW,57,Micronesia,57,Micronesia,9,Oceania,1,State,22/08/2022 00:00:00,1/8/22 0:00,intl, ,66.56752,68.0,163.0,208.0,175.0,205.0,159.0,177.0,165.0,133.0,156.0,165.0,135.0,144.0,154.0,150.0,235.0,179.0,123.0,179.0,179.0,155.0,127.0,123.0
80,PLW-20210715-14,PLW-ADM1-51375826B81096987,Ngiwal, , ,PLW-20220801,PLW,Palau,Palau,0,2,en, , ,1/1/15 0:00,15/07/2021 00:00:00,Pacific Data Hub,SPC Statistics for Development Division (SDD),Creative Commons Attribution 4.0 (CC BY 4.0),https://www.geoboundaries.org/api/current/gbOpen/PLW/ALL/,geoBoundaries,585,PW,PLW,PLW,57,Micronesia,57,Micronesia,9,Oceania,1,State,22/08/2022 00:00:00,1/8/22 0:00,intl, ,18.14689,68.0,152.0,207.0,168.0,205.0,153.0,177.0,160.0,133.0,156.0,165.0,135.0,138.0,152.0,141.0,234.0,179.0,118.0,179.0,168.0,144.0,111.0,105.0
81,PLW-20210715-15,PLW-ADM1-51375826B68636520,Peleliu, , ,PLW-20220801,PLW,Palau,Palau,0,2,en, , ,1/1/15 0:00,15/07/2021 00:00:00,Pacific Data Hub,SPC Statistics for Development Division (SDD),Creative Commons Attribution 4.0 (CC BY 4.0),https://www.geoboundaries.org/api/current/gbOpen/PLW/ALL/,geoBoundaries,585,PW,PLW,PLW,57,Micronesia,57,Micronesia,9,Oceania,1,State,22/08/2022 00:00:00,1/8/22 0:00,intl, ,21.5765,82.0,169.0,215.0,161.0,217.0,145.0,183.0,165.0,139.0,165.0,154.0,133.0,139.0,145.0,155.0,230.0,175.0,127.0,168.0,181.0,168.0,137.0,138.0
82,PLW-20210715-16,PLW-ADM1-51375826B54073965,Sonsorol, , ,PLW-20220801,PLW,Palau,Palau,0,2,en, , ,1/1/15 0:00,15/07/2021 00:00:00,Pacific Data Hub,SPC Statistics for Development Division (SDD),Creative Commons Attribution 4.0 (CC BY 4.0),https://www.geoboundaries.org/api/current/gbOpen/PLW/ALL/,geoBoundaries,585,PW,PLW,PLW,57,Micronesia,57,Micronesia,9,Oceania,1,State,22/08/2022 00:00:00,1/8/22 0:00,intl, ,3.29875,98.0,175.0,245.0,198.0,240.0,186.0,214.0,187.0,153.0,199.0,156.0,154.0,152.0,159.0,197.0,262.0,195.0,145.0,194.0,217.0,174.0,156.0,148.0
83,PNG-20210624-01,PNG-ADM1-602756B65624377,Autonomous Region of Bougainville, , ,PNG-20220801,PNG,Papua New Guinea,Papua New Guinea,0,3,en, , ,1/1/19 0:00,24/06/2021 00:00:00,Papua New Guinea National Statistics Office,OCHA ROAP,Creative Commons Attribution 3.0 Intergovernmental Organisations (CC BY 3.0 IGO),https://www.geoboundaries.org/api/current/gbOpen/PNG/ALL/,geoBoundaries,598,PG,PNG,PNG,54,Melanesia,54,Melanesia,9,Oceania,1,State,22/08/2022 00:00:00,1/8/22 0:00,intl, ,9581.83272,112.0,160.0,168.0,153.0,163.0,139.0,163.0,159.0,204.0,160.0,197.0,203.0,162.0,151.0,125.0,162.0,142.0,137.0,175.0,129.0,194.0,194.0,241.0
84,PNG-20210624-02,PNG-ADM1-602756B2512012,Central Province, , ,PNG-20220801,PNG,Papua New Guinea,Papua New Guinea,0,3,en, , ,1/1/19 0:00,24/06/2021 00:00:00,Papua New Guinea National Statistics Office,OCHA ROAP,Creative Commons Attribution 3.0 Intergovernmental Organisations (CC BY 3.0 IGO),https://www.geoboundaries.org/api/current/gbOpen/PNG/ALL/,geoBoundaries,598,PG,PNG,PNG,54,Melanesia,54,Melanesia,9,Oceania,1,State,22/08/2022 00:00:00,1/8/22 0:00,intl, ,30528.50003,159.0,251.0,277.0,267.0,282.0,266.0,250.0,254.0,238.0,244.0,248.0,245.0,234.0,252.0,247.0,287.0,260.0,234.0,250.0,258.0,240.0,226.0,223.0
85,PNG-20210624-03,PNG-ADM1-602756B43821940,Chimbu (Simbu) Province, , ,PNG-20220801,PNG,Papua New Guinea,Papua New Guinea,0,3,en, , ,1/1/19 0:00,24/06/2021 00:00:00,Papua New Guinea National Statistics Office,OCHA ROAP,Creative Commons Attribution 3.0 Intergovernmental Organisations (CC BY 3.0 IGO),https://www.geoboundaries.org/api/current/gbOpen/PNG/ALL/,geoBoundaries,598,PG,PNG,PNG,54,Melanesia,54,Melanesia,9,Oceania,1,State,22/08/2022 00:00:00,1/8/22 0:00,intl, ,6246.96966,89.0,161.0,176.0,151.0,173.0,149.0,161.0,158.0,137.0,141.0,144.0,128.0,159.0,140.0,159.0,196.0,137.0,134.0,162.0,151.0,157.0,164.0,174.0
86,PNG-20210624-04,PNG-ADM1-602756B97738910,East New Britain Province, , ,PNG-20220801,PNG,Papua New Guinea,Papua New Guinea,0,3,en, , ,1/1/19 0:00,24/06/2021 00:00:00,Papua New Guinea National Statistics Office,OCHA ROAP,Creative Commons Attribution 3.0 Intergovernmental Organisations (CC BY 3.0 IGO),https://www.geoboundaries.org/api/current/gbOpen/PNG/ALL/,geoBoundaries,598,PG,PNG,PNG,54,Melanesia,54,Melanesia,9,Oceania,1,State,22/08/2022 00:00:00,1/8/22 0:00,intl, ,15525.55451,104.0,167.0,208.0,156.0,173.0,160.0,153.0,167.0,204.0,170.0,190.0,187.0,155.0,154.0,130.0,180.0,140.0,114.0,138.0,122.0,154.0,168.0,237.0
87,PNG-20210624-05,PNG-ADM1-602756B23780850,East Sepik Province, , ,PNG-20220801,PNG,Papua New Guinea,Papua New Guinea,0,3,en, , ,1/1/19 0:00,24/06/2021 00:00:00,Papua New Guinea National Statistics Office,OCHA ROAP,Creative Commons Attribution 3.0 Intergovernmental Organisations (CC BY 3.0 IGO),https://www.geoboundaries.org/api/current/gbOpen/PNG/ALL/,geoBoundaries,598,PG,PNG,PNG,54,Melanesia,54,Melanesia,9,Oceania,1,State,22/08/2022 00:00:00,1/8/22 0:00,intl, ,44093.94589,101.0,171.0,201.0,173.0,193.0,190.0,179.0,166.0,167.0,158.0,194.0,165.0,169.0,170.0,179.0,217.0,176.0,150.0,172.0,167.0,210.0,162.0,188.0
88,PNG-20210624-06,PNG-ADM1-602756B55767735,Eastern Highlands Province, , ,PNG-20220801,PNG,Papua New Guinea,Papua New Guinea,0,3,en, , ,1/1/19 0:00,24/06/2021 00:00:00,Papua New Guinea National Statistics Office,OCHA ROAP,Creative Commons Attribution 3.0 Intergovernmental Organisations (CC BY 3.0 IGO),https://www.geoboundaries.org/api/current/gbOpen/PNG/ALL/,geoBoundaries,598,PG,PNG,PNG,54,Melanesia,54,Melanesia,9,Oceania,1,State,22/08/2022 00:00:00,1/8/22 0:00,intl, ,11366.73452,109.0,193.0,206.0,203.0,199.0,188.0,194.0,196.0,180.0,159.0,177.0,173.0,187.0,180.0,189.0,217.0,177.0,168.0,192.0,177.0,178.0,203.0,205.0
89,PNG-20210624-07,PNG-ADM1-602756B94246799,Enga Province, , ,PNG-20220801,PNG,Papua New Guinea,Papua New Guinea,0,3,en, , ,1/1/19 0:00,24/06/2021 00:00:00,Papua New Guinea National Statistics Office,OCHA ROAP,Creative Commons Attribution 3.0 Intergovernmental Organisations (CC BY 3.0 IGO),https://www.geoboundaries.org/api/current/gbOpen/PNG/ALL/,geoBoundaries,598,PG,PNG,PNG,54,Melanesia,54,Melanesia,9,Oceania,1,State,22/08/2022 00:00:00,1/8/22 0:00,intl, ,11906.07154,85.0,130.0,147.0,125.0,139.0,110.0,124.0,117.0,126.0,107.0,151.0,111.0,119.0,117.0,122.0,177.0,104.0,123.0,129.0,119.0,146.0,143.0,160.0
90,PNG-20210624-08,PNG-ADM1-602756B9148809,Gulf Province, , ,PNG-20220801,PNG,Papua New Guinea,Papua New Guinea,0,3,en, , ,1/1/19 0:00,24/06/2021 00:00:00,Papua New Guinea National Statistics Office,OCHA ROAP,Creative Commons Attribution 3.0 Intergovernmental Organisations (CC BY 3.0 IGO),https://www.geoboundaries.org/api/current/gbOpen/PNG/ALL/,geoBoundaries,598,PG,PNG,PNG,54,Melanesia,54,Melanesia,9,Oceania,1,State,22/08/2022 00:00:00,1/8/22 0:00,intl, ,35540.66056,128.0,201.0,214.0,213.0,221.0,204.0,205.0,190.0,183.0,203.0,175.0,203.0,195.0,199.0,186.0,227.0,187.0,161.0,197.0,191.0,177.0,164.0,173.0
91,PNG-20210624-09,PNG-ADM1-602756B12201991,Hela Province, , ,PNG-20220801,PNG,Papua New Guinea,Papua New Guinea,0,3,en, , ,1/1/19 0:00,24/06/2021 00:00:00,Papua New Guinea National Statistics Office,OCHA ROAP,Creative Commons Attribution 3.0 Intergovernmental Organisations (CC BY 3.0 IGO),https://www.geoboundaries.org/api/current/gbOpen/PNG/ALL/,geoBoundaries,598,PG,PNG,PNG,54,Melanesia,54,Melanesia,9,Oceania,1,State,22/08/2022 00:00:00,1/8/22 0:00,intl, ,9925.78945,81.0,120.0,172.0,146.0,169.0,160.0,151.0,133.0,102.0,137.0,114.0,111.0,138.0,132.0,130.0,207.0,109.0,98.0,141.0,137.0,129.0,112.0,133.0
92,PNG-20210624-10,PNG-ADM1-602756B95152781,Jiwaka Province, , ,PNG-20220801,PNG,Papua New Guinea,Papua New Guinea,0,3,en, , ,1/1/19 0:00,24/06/2021 00:00:00,Papua New Guinea National Statistics Office,OCHA ROAP,Creative Commons Attribution 3.0 Intergovernmental Organisations (CC BY 3.0 IGO),https://www.geoboundaries.org/api/current/gbOpen/PNG/ALL/,geoBoundaries,598,PG,PNG,PNG,54,Melanesia,54,Melanesia,9,Oceania,1,State,22/08/2022 00:00:00,1/8/22 0:00,intl, ,4947.1473,85.0,132.0,171.0,128.0,166.0,135.0,142.0,146.0,126.0,123.0,143.0,110.0,130.0,129.0,127.0,182.0,113.0,121.0,122.0,151.0,146.0,149.0,160.0
93,PNG-20210624-11,PNG-ADM1-602756B40497164,Madang Province, , ,PNG-20220801,PNG,Papua New Guinea,Papua New Guinea,0,3,en, , ,1/1/19 0:00,24/06/2021 00:00:00,Papua New Guinea National Statistics Office,OCHA ROAP,Creative Commons Attribution 3.0 Intergovernmental Organisations (CC BY 3.0 IGO),https://www.geoboundaries.org/api/current/gbOpen/PNG/ALL/,geoBoundaries,598,PG,PNG,PNG,54,Melanesia,54,Melanesia,9,Oceania,1,State,22/08/2022 00:00:00,1/8/22 0:00,intl, ,29388.69481,125.0,188.0,214.0,197.0,214.0,195.0,184.0,174.0,188.0,168.0,186.0,161.0,172.0,180.0,179.0,228.0,182.0,164.0,173.0,193.0,202.0,188.0,199.0
94,PNG-20210624-12,PNG-ADM1-602756B68348696,Manus Province, , ,PNG-20220801,PNG,Papua New Guinea,Papua New Guinea,0,3,en, , ,1/1/19 0:00,24/06/2021 00:00:00,Papua New Guinea National Statistics Office,OCHA ROAP,Creative Commons Attribution 3.0 Intergovernmental Organisations (CC BY 3.0 IGO),https://www.geoboundaries.org/api/current/gbOpen/PNG/ALL/,geoBoundaries,598,PG,PNG,PNG,54,Melanesia,54,Melanesia,9,Oceania,1,State,22/08/2022 00:00:00,1/8/22 0:00,intl, ,2163.72873,94.0,158.0,217.0,161.0,189.0,161.0,175.0,185.0,180.0,178.0,230.0,173.0,144.0,156.0,153.0,230.0,166.0,141.0,170.0,172.0,207.0,188.0,226.0
95,PNG-20210624-13,PNG-ADM1-602756B6015064,Milne Bay Province, , ,PNG-20220801,PNG,Papua New Guinea,Papua New Guinea,0,3,en, , ,1/1/19 0:00,24/06/2021 00:00:00,Papua New Guinea National Statistics Office,OCHA ROAP,Creative Commons Attribution 3.0 Intergovernmental Organisations (CC BY 3.0 IGO),https://www.geoboundaries.org/api/current/gbOpen/PNG/ALL/,geoBoundaries,598,PG,PNG,PNG,54,Melanesia,54,Melanesia,9,Oceania,1,State,22/08/2022 00:00:00,1/8/22 0:00,intl, ,14744.20764,153.0,257.0,268.0,269.0,274.0,265.0,266.0,260.0,239.0,239.0,241.0,233.0,239.0,258.0,242.0,272.0,249.0,225.0,249.0,256.0,249.0,240.0,217.0
96,PNG-20210624-14,PNG-ADM1-602756B90858233,Morobe Province, , ,PNG-20220801,PNG,Papua New Guinea,Papua New Guinea,0,3,en, , ,1/1/19 0:00,24/06/2021 00:00:00,Papua New Guinea National Statistics Office,OCHA ROAP,Creative Commons Attribution 3.0 Intergovernmental Organisations (CC BY 3.0 IGO),https://www.geoboundaries.org/api/current/gbOpen/PNG/ALL/,geoBoundaries,598,PG,PNG,PNG,54,Melanesia,54,Melanesia,9,Oceania,1,State,22/08/2022 00:00:00,1/8/22 0:00,intl, ,34518.77913,120.0,220.0,234.0,207.0,216.0,203.0,233.0,208.0,203.0,190.0,194.0,201.0,220.0,202.0,208.0,234.0,195.0,187.0,209.0,190.0,199.0,210.0,231.0
97,PNG-20210624-15,PNG-ADM1-602756B87786729,National Capital District, , ,PNG-20220801,PNG,Papua New Guinea,Papua New Guinea,0,3,en, , ,1/1/19 0:00,24/06/2021 00:00:00,Papua New Guinea National Statistics Office,OCHA ROAP,Creative Commons Attribution 3.0 Intergovernmental Organisations (CC BY 3.0 IGO),https://www.geoboundaries.org/api/current/gbOpen/PNG/ALL/,geoBoundaries,598,PG,PNG,PNG,54,Melanesia,54,Melanesia,9,Oceania,1,State,22/08/2022 00:00:00,1/8/22 0:00,intl, ,273.37251,158.0,239.0,276.0,255.0,263.0,257.0,243.0,250.0,244.0,242.0,236.0,249.0,240.0,230.0,248.0,276.0,247.0,225.0,240.0,241.0,243.0,202.0,217.0
98,PNG-20210624-16,PNG-ADM1-602756B51009814,New Ireland Province, , ,PNG-20220801,PNG,Papua New Guinea,Papua New Guinea,0,3,en, , ,1/1/19 0:00,24/06/2021 00:00:00,Papua New Guinea National Statistics Office,OCHA ROAP,Creative Commons Attribution 3.0 Intergovernmental Organisations (CC BY 3.0 IGO),https://www.geoboundaries.org/api/current/gbOpen/PNG/ALL/,geoBoundaries,598,PG,PNG,PNG,54,Melanesia,54,Melanesia,9,Oceania,1,State,22/08/2022 00:00:00,1/8/22 0:00,intl, ,9680.11147,103.0,148.0,198.0,142.0,172.0,142.0,163.0,161.0,176.0,153.0,243.0,180.0,160.0,145.0,128.0,184.0,150.0,142.0,161.0,153.0,194.0,182.0,241.0
99,PNG-20210624-17,PNG-ADM1-602756B86546275,Northern (Oro) Province, , ,PNG-20220801,PNG,Papua New Guinea,Papua New Guinea,0,3,en, , ,1/1/19 0:00,24/06/2021 00:00:00,Papua New Guinea National Statistics Office,OCHA ROAP,Creative Commons Attribution 3.0 Intergovernmental Organisations (CC BY 3.0 IGO),https://www.geoboundaries.org/api/current/gbOpen/PNG/ALL/,geoBoundaries,598,PG,PNG,PNG,54,Melanesia,54,Melanesia,9,Oceania,1,State,22/08/2022 00:00:00,1/8/22 0:00,intl, ,23355.55339,120.0,210.0,217.0,230.0,237.0,221.0,219.0,203.0,180.0,192.0,188.0,182.0,196.0,199.0,214.0,255.0,224.0,184.0,196.0,202.0,178.0,177.0,186.0
100,PNG-20210624-18,PNG-ADM1-602756B19685881,Southern Highlands Province, , ,PNG-20220801,PNG,Papua New Guinea,Papua New Guinea,0,3,en, , ,1/1/19 0:00,24/06/2021 00:00:00,Papua New Guinea National Statistics Office,OCHA ROAP,Creative Commons Attribution 3.0 Intergovernmental Organisations (CC BY 3.0 IGO),https://www.geoboundaries.org/api/current/gbOpen/PNG/ALL/,geoBoundaries,598,PG,PNG,PNG,54,Melanesia,54,Melanesia,9,Oceania,1,State,22/08/2022 00:00:00,1/8/22 0:00,intl, ,16125.93131,96.0,140.0,188.0,161.0,179.0,169.0,164.0,148.0,126.0,150.0,117.0,135.0,142.0,144.0,143.0,217.0,125.0,106.0,145.0,151.0,139.0,116.0,123.0
101,PNG-20210624-19,PNG-ADM1-602756B89629312,West New Britain Province, , ,PNG-20220801,PNG,Papua New Guinea,Papua New Guinea,0,3,en, , ,1/1/19 0:00,24/06/2021 00:00:00,Papua New Guinea National Statistics Office,OCHA ROAP,Creative Commons Attribution 3.0 Intergovernmental Organisations (CC BY 3.0 IGO),https://www.geoboundaries.org/api/current/gbOpen/PNG/ALL/,geoBoundaries,598,PG,PNG,PNG,54,Melanesia,54,Melanesia,9,Oceania,1,State,22/08/2022 00:00:00,1/8/22 0:00,intl, ,20704.30949,89.0,155.0,207.0,189.0,184.0,166.0,166.0,154.0,150.0,156.0,163.0,150.0,157.0,149.0,164.0,206.0,161.0,154.0,157.0,174.0,163.0,155.0,185.0
102,PNG-20210624-20,PNG-ADM1-602756B24287598,West Sepik (Sandaun) Province, , ,PNG-20220801,PNG,Papua New Guinea,Papua New Guinea,0,3,en, , ,1/1/19 0:00,24/06/2021 00:00:00,Papua New Guinea National Statistics Office,OCHA ROAP,Creative Commons Attribution 3.0 Intergovernmental Organisations (CC BY 3.0 IGO),https://www.geoboundaries.org/api/current/gbOpen/PNG/ALL/,geoBoundaries,598,PG,PNG,PNG,54,Melanesia,54,Melanesia,9,Oceania,1,State,22/08/2022 00:00:00,1/8/22 0:00,intl, ,36316.60833,92.0,159.0,174.0,168.0,171.0,157.0,166.0,149.0,161.0,149.0,168.0,158.0,148.0,142.0,156.0,186.0,145.0,141.0,152.0,143.0,175.0,145.0,162.0
103,PNG-20210624-21,PNG-ADM1-602756B78755390,Western Highlands Province, , ,PNG-20220801,PNG,Papua New Guinea,Papua New Guinea,0,3,en, , ,1/1/19 0:00,24/06/2021 00:00:00,Papua New Guinea National Statistics Office,OCHA ROAP,Creative Commons Attribution 3.0 Intergovernmental Organisations (CC BY 3.0 IGO),https://www.geoboundaries.org/api/current/gbOpen/PNG/ALL/,geoBoundaries,598,PG,PNG,PNG,54,Melanesia,54,Melanesia,9,Oceania,1,State,22/08/2022 00:00:00,1/8/22 0:00,intl, ,4317.73343,85.0,130.0,150.0,127.0,152.0,112.0,126.0,120.0,126.0,111.0,151.0,111.0,119.0,117.0,121.0,168.0,104.0,123.0,122.0,127.0,146.0,148.0,160.0
104,PNG-20210624-22,PNG-ADM1-602756B34569261,Western Province, , ,PNG-20220801,PNG,Papua New Guinea,Papua New Guinea,0,3,en, , ,1/1/19 0:00,24/06/2021 00:00:00,Papua New Guinea National Statistics Office,OCHA ROAP,Creative Commons Attribution 3.0 Intergovernmental Organisations (CC BY 3.0 IGO),https://www.geoboundaries.org/api/current/gbOpen/PNG/ALL/,geoBoundaries,598,PG,PNG,PNG,54,Melanesia,54,Melanesia,9,Oceania,1,State,22/08/2022 00:00:00,1/8/22 0:00,intl, ,100800.0,171.0,240.0,267.0,259.0,265.0,248.0,257.0,255.0,251.0,244.0,213.0,252.0,248.0,240.0,262.0,283.0,232.0,218.0,243.0,271.0,251.0,228.0,232.0
105,PYF-20220801, , , , ,PYF-20220801,PYF,French Polynesia (Fr.),French Polynesia,0,0, , , ,,, , , , , ,258,PF,PYF,FRA,61,Polynesia,61,Polynesia,9,Oceania,3,Non-self-governing territory,22/08/2022 00:00:00,1/8/22 0:00,intl, ,4111.46151,200.0,321.0,331.0,330.0,292.0,313.0,314.0,329.0,325.0,317.0,340.0,323.0,324.0,320.0,328.0,329.0,308.0,301.0,348.0,358.0,346.0,345.0,337.0
106,SLB-20201109-01,SLB-ADM1-17018030B746516,Capital Territory (Honiara), , ,SLB-20220801,SLB,Solomon Islands,Solomon Islands,0,4,en, , ,1/1/14 0:00,9/11/20 0:00,POPGIS, ,Other - Direct Permission,https://www.geoboundaries.org/api/current/gbOpen/SLB/ALL/,geoBoundaries,90,SB,SLB,SLB,54,Melanesia,54,Melanesia,9,Oceania,1,State,22/08/2022 00:00:00,1/8/22 0:00,intl, ,35.91392,82.0,154.0,146.0,168.0,158.0,182.0,155.0,162.0,155.0,151.0,136.0,160.0,134.0,158.0,149.0,150.0,128.0,92.0,116.0,123.0,119.0,104.0,143.0
107,SLB-20201109-02,SLB-ADM1-17018030B41658978,Central, , ,SLB-20220801,SLB,Solomon Islands,Solomon Islands,0,4,en, , ,1/1/14 0:00,9/11/20 0:00,POPGIS, ,Other - Direct Permission,https://www.geoboundaries.org/api/current/gbOpen/SLB/ALL/,geoBoundaries,90,SB,SLB,SLB,54,Melanesia,54,Melanesia,9,Oceania,1,State,22/08/2022 00:00:00,1/8/22 0:00,intl, ,659.68114,98.0,171.0,181.0,179.0,156.0,171.0,154.0,163.0,149.0,150.0,163.0,173.0,163.0,160.0,169.0,188.0,182.0,136.0,159.0,157.0,165.0,146.0,152.0
108,SLB-20201109-03,SLB-ADM1-17018030B87034204,Choiseul, , ,SLB-20220801,SLB,Solomon Islands,Solomon Islands,0,4,en, , ,1/1/14 0:00,9/11/20 0:00,POPGIS, ,Other - Direct Permission,https://www.geoboundaries.org/api/current/gbOpen/SLB/ALL/,geoBoundaries,90,SB,SLB,SLB,54,Melanesia,54,Melanesia,9,Oceania,1,State,22/08/2022 00:00:00,1/8/22 0:00,intl, ,3364.82601,92.0,137.0,143.0,139.0,126.0,136.0,127.0,135.0,134.0,133.0,127.0,153.0,122.0,127.0,104.0,151.0,125.0,102.0,116.0,106.0,131.0,118.0,161.0
109,SLB-20201109-04,SLB-ADM1-17018030B25601948,Guadalcanal, , ,SLB-20220801,SLB,Solomon Islands,Solomon Islands,0,4,en, , ,1/1/14 0:00,9/11/20 0:00,POPGIS, ,Other - Direct Permission,https://www.geoboundaries.org/api/current/gbOpen/SLB/ALL/,geoBoundaries,90,SB,SLB,SLB,54,Melanesia,54,Melanesia,9,Oceania,1,State,22/08/2022 00:00:00,1/8/22 0:00,intl, ,5536.13859,104.0,172.0,187.0,192.0,171.0,187.0,167.0,181.0,158.0,166.0,168.0,184.0,163.0,173.0,173.0,170.0,157.0,114.0,134.0,162.0,155.0,138.0,158.0
110,SLB-20201109-05,SLB-ADM1-17018030B58536770,Isabel, , ,SLB-20220801,SLB,Solomon Islands,Solomon Islands,0,4,en, , ,1/1/14 0:00,9/11/20 0:00,POPGIS, ,Other - Direct Permission,https://www.geoboundaries.org/api/current/gbOpen/SLB/ALL/,geoBoundaries,90,SB,SLB,SLB,54,Melanesia,54,Melanesia,9,Oceania,1,State,22/08/2022 00:00:00,1/8/22 0:00,intl, ,4327.09347,114.0,150.0,149.0,152.0,148.0,148.0,146.0,157.0,194.0,149.0,168.0,199.0,153.0,142.0,126.0,166.0,166.0,127.0,160.0,148.0,163.0,163.0,200.0
111,SLB-20201109-06,SLB-ADM1-17018030B73940648,Makira, , ,SLB-20220801,SLB,Solomon Islands,Solomon Islands,0,4,en, , ,1/1/14 0:00,9/11/20 0:00,POPGIS, ,Other - Direct Permission,https://www.geoboundaries.org/api/current/gbOpen/SLB/ALL/,geoBoundaries,90,SB,SLB,SLB,54,Melanesia,54,Melanesia,9,Oceania,1,State,22/08/2022 00:00:00,1/8/22 0:00,intl, ,3275.15974,96.0,163.0,168.0,198.0,168.0,185.0,157.0,170.0,148.0,159.0,174.0,164.0,147.0,166.0,167.0,175.0,192.0,120.0,136.0,149.0,143.0,127.0,153.0
112,SLB-20201109-07,SLB-ADM1-17018030B76020488,Malaita, , ,SLB-20220801,SLB,Solomon Islands,Solomon Islands,0,4,en, , ,1/1/14 0:00,9/11/20 0:00,POPGIS, ,Other - Direct Permission,https://www.geoboundaries.org/api/current/gbOpen/SLB/ALL/,geoBoundaries,90,SB,SLB,SLB,54,Melanesia,54,Melanesia,9,Oceania,1,State,22/08/2022 00:00:00,1/8/22 0:00,intl, ,4397.64539,98.0,161.0,163.0,179.0,130.0,168.0,140.0,154.0,174.0,147.0,179.0,172.0,144.0,145.0,149.0,161.0,152.0,114.0,131.0,142.0,145.0,126.0,156.0
113,SLB-20201109-08,SLB-ADM1-17018030B14293899,Rennell and Bellona, , ,SLB-20220801,SLB,Solomon Islands,Solomon Islands,0,4,en, , ,1/1/14 0:00,9/11/20 0:00,POPGIS, ,Other - Direct Permission,https://www.geoboundaries.org/api/current/gbOpen/SLB/ALL/,geoBoundaries,90,SB,SLB,SLB,54,Melanesia,54,Melanesia,9,Oceania,1,State,22/08/2022 00:00:00,1/8/22 0:00,intl, ,869.28,109.0,193.0,201.0,242.0,227.0,223.0,203.0,198.0,175.0,203.0,201.0,183.0,176.0,209.0,207.0,207.0,233.0,175.0,182.0,195.0,164.0,175.0,170.0
114,SLB-20201109-09,SLB-ADM1-17018030B21014360,Temotu, , ,SLB-20220801,SLB,Solomon Islands,Solomon Islands,0,4,en, , ,1/1/14 0:00,9/11/20 0:00,POPGIS, ,Other - Direct Permission,https://www.geoboundaries.org/api/current/gbOpen/SLB/ALL/,geoBoundaries,90,SB,SLB,SLB,54,Melanesia,54,Melanesia,9,Oceania,1,State,22/08/2022 00:00:00,1/8/22 0:00,intl, ,909.54348,104.0,208.0,183.0,240.0,204.0,217.0,179.0,189.0,184.0,192.0,197.0,179.0,189.0,185.0,205.0,185.0,197.0,158.0,190.0,186.0,170.0,165.0,158.0
115,SLB-20201109-10,SLB-ADM1-17018030B20751246,Western, , ,SLB-20220801,SLB,Solomon Islands,Solomon Islands,0,4,en, , ,1/1/14 0:00,9/11/20 0:00,POPGIS, ,Other - Direct Permission,https://www.geoboundaries.org/api/current/gbOpen/SLB/ALL/,geoBoundaries,90,SB,SLB,SLB,54,Melanesia,54,Melanesia,9,Oceania,1,State,22/08/2022 00:00:00,1/8/22 0:00,intl, ,5640.78693,96.0,147.0,163.0,165.0,163.0,150.0,143.0,154.0,145.0,148.0,145.0,172.0,147.0,141.0,136.0,172.0,167.0,123.0,134.0,133.0,137.0,156.0,208.0
116,TKL-20220801, , , , ,TKL-20220801,TKL,Tokelau (NZ),Tokelau,0,0, , , ,,, , , , , ,772,TK,TKL,NZL,61,Polynesia,61,Polynesia,9,Oceania,3,Non-self-governing territory,22/08/2022 00:00:00,1/8/22 0:00,intl, ,16.23694,147.0,182.0,208.0,179.0,183.0,206.0,207.0,181.0,228.0,214.0,214.0,253.0,187.0,173.0,190.0,178.0,170.0,185.0,207.0,174.0,184.0,230.0,222.0
117,TON-20210729-1,TON-ADM1-12702645B52541849,'Eua, , ,TON-20220801,TON,Tonga,Tonga,0,2,en, , ,1/1/20 0:00,29/07/2021 00:00:00,Pacific Data Hub, ,Creative Commons Attribution 4.0 International (CC BY 4.0),https://www.geoboundaries.org/api/current/gbOpen/TON/ALL/,geoBoundaries,776,TO,TON,TON,61,Polynesia,61,Polynesia,9,Oceania,1,State,22/08/2022 00:00:00,1/8/22 0:00,intl, ,102.39167,150.0,265.0,274.0,282.0,273.0,272.0,283.0,254.0,242.0,264.0,267.0,234.0,247.0,269.0,280.0,303.0,278.0,261.0,255.0,267.0,256.0,247.0,231.0
118,TON-20210729-2,TON-ADM1-12702645B19188708,Ha'apai, , ,TON-20220801,TON,Tonga,Tonga,0,2,en, , ,1/1/20 0:00,29/07/2021 00:00:00,Pacific Data Hub, ,Creative Commons Attribution 4.0 International (CC BY 4.0),https://www.geoboundaries.org/api/current/gbOpen/TON/ALL/,geoBoundaries,776,TO,TON,TON,61,Polynesia,61,Polynesia,9,Oceania,1,State,22/08/2022 00:00:00,1/8/22 0:00,intl, ,146.96353,147.0,279.0,276.0,293.0,273.0,277.0,286.0,259.0,259.0,273.0,277.0,250.0,255.0,273.0,277.0,279.0,269.0,253.0,248.0,251.0,262.0,255.0,234.0
119,TON-20210729-3,TON-ADM1-12702645B90893838,Niuas, , ,TON-20220801,TON,Tonga,Tonga,0,2,en, , ,1/1/20 0:00,29/07/2021 00:00:00,Pacific Data Hub, ,Creative Commons Attribution 4.0 International (CC BY 4.0),https://www.geoboundaries.org/api/current/gbOpen/TON/ALL/,geoBoundaries,776,TO,TON,TON,61,Polynesia,61,Polynesia,9,Oceania,1,State,22/08/2022 00:00:00,1/8/22 0:00,intl, ,77.46144,140.0,235.0,255.0,255.0,244.0,244.0,232.0,209.0,236.0,239.0,232.0,237.0,231.0,221.0,245.0,242.0,225.0,185.0,203.0,219.0,202.0,219.0,202.0
120,TON-20210729-4,TON-ADM1-12702645B72664731,Tongatapu, , ,TON-20220801,TON,Tonga,Tonga,0,2,en, , ,1/1/20 0:00,29/07/2021 00:00:00,Pacific Data Hub, ,Creative Commons Attribution 4.0 International (CC BY 4.0),https://www.geoboundaries.org/api/current/gbOpen/TON/ALL/,geoBoundaries,776,TO,TON,TON,61,Polynesia,61,Polynesia,9,Oceania,1,State,22/08/2022 00:00:00,1/8/22 0:00,intl, ,305.15051,156.0,266.0,277.0,294.0,277.0,285.0,284.0,260.0,249.0,279.0,293.0,235.0,254.0,272.0,281.0,296.0,273.0,268.0,256.0,267.0,273.0,253.0,234.0
121,TON-20210729-5,TON-ADM1-12702645B35885521,Vava'u, , ,TON-20220801,TON,Tonga,Tonga,0,2,en, , ,1/1/20 0:00,29/07/2021 00:00:00,Pacific Data Hub, ,Creative Commons Attribution 4.0 International (CC BY 4.0),https://www.geoboundaries.org/api/current/gbOpen/TON/ALL/,geoBoundaries,776,TO,TON,TON,61,Polynesia,61,Polynesia,9,Oceania,1,State,22/08/2022 00:00:00,1/8/22 0:00,intl, ,171.74026,146.0,256.0,271.0,285.0,260.0,265.0,260.0,246.0,240.0,267.0,248.0,248.0,257.0,252.0,271.0,268.0,260.0,222.0,229.0,241.0,249.0,252.0,225.0
122,TUV-20200925-1,TUV-ADM1-17741764B26530183,Funafuti, , ,TUV-20220801,TUV,Tuvalu,Tuvalu,0,3,en, , ,1/1/14 0:00,25/09/2020 00:00:00,POPGIS, ,Other - Direct Permission,https://www.geoboundaries.org/api/current/gbOpen/TUV/ALL/,geoBoundaries,798,TV,TUV,TUV,61,Polynesia,61,Polynesia,9,Oceania,1,State,22/08/2022 00:00:00,1/8/22 0:00,intl, ,3.64419,133.0,174.0,176.0,161.0,187.0,187.0,173.0,178.0,192.0,173.0,190.0,241.0,168.0,164.0,169.0,141.0,159.0,164.0,168.0,160.0,164.0,166.0,185.0
123,TUV-20200925-2,TUV-ADM1-17741764B40506872,Nanumanga, , ,TUV-20220801,TUV,Tuvalu,Tuvalu,0,3,en, , ,1/1/14 0:00,25/09/2020 00:00:00,POPGIS, ,Other - Direct Permission,https://www.geoboundaries.org/api/current/gbOpen/TUV/ALL/,geoBoundaries,798,TV,TUV,TUV,61,Polynesia,61,Polynesia,9,Oceania,1,State,22/08/2022 00:00:00,1/8/22 0:00,intl, ,3.28848,150.0,184.0,168.0,163.0,185.0,186.0,186.0,202.0,232.0,189.0,220.0,259.0,198.0,176.0,185.0,135.0,157.0,175.0,200.0,163.0,203.0,222.0,254.0
124,TUV-20200925-3,TUV-ADM1-17741764B48519227,Nanumea, , ,TUV-20220801,TUV,Tuvalu,Tuvalu,0,3,en, , ,1/1/14 0:00,25/09/2020 00:00:00,POPGIS, ,Other - Direct Permission,https://www.geoboundaries.org/api/current/gbOpen/TUV/ALL/,geoBoundaries,798,TV,TUV,TUV,61,Polynesia,61,Polynesia,9,Oceania,1,State,22/08/2022 00:00:00,1/8/22 0:00,intl, ,3.91761,161.0,190.0,164.0,181.0,175.0,193.0,189.0,219.0,251.0,196.0,223.0,273.0,207.0,198.0,191.0,134.0,172.0,180.0,199.0,164.0,220.0,244.0,262.0
125,TUV-20200925-4,TUV-ADM1-17741764B45335794,Niutao, , ,TUV-20220801,TUV,Tuvalu,Tuvalu,0,3,en, , ,1/1/14 0:00,25/09/2020 00:00:00,POPGIS, ,Other - Direct Permission,https://www.geoboundaries.org/api/current/gbOpen/TUV/ALL/,geoBoundaries,798,TV,TUV,TUV,61,Polynesia,61,Polynesia,9,Oceania,1,State,22/08/2022 00:00:00,1/8/22 0:00,intl, ,2.51402,147.0,194.0,175.0,181.0,169.0,192.0,191.0,204.0,237.0,201.0,216.0,266.0,210.0,175.0,186.0,128.0,164.0,182.0,201.0,160.0,208.0,228.0,264.0
126,TUV-20200925-5,TUV-ADM1-17741764B54256238,Nui, , ,TUV-20220801,TUV,Tuvalu,Tuvalu,0,3,en, , ,1/1/14 0:00,25/09/2020 00:00:00,POPGIS, ,Other - Direct Permission,https://www.geoboundaries.org/api/current/gbOpen/TUV/ALL/,geoBoundaries,798,TV,TUV,TUV,61,Polynesia,61,Polynesia,9,Oceania,1,State,22/08/2022 00:00:00,1/8/22 0:00,intl, ,3.62292,143.0,181.0,173.0,171.0,177.0,181.0,175.0,181.0,195.0,185.0,204.0,241.0,186.0,165.0,175.0,130.0,154.0,161.0,177.0,150.0,187.0,194.0,225.0
127,TUV-20200925-6,TUV-ADM1-17741764B37763717,Nukulaelae, , ,TUV-20220801,TUV,Tuvalu,Tuvalu,0,3,en, , ,1/1/14 0:00,25/09/2020 00:00:00,POPGIS, ,Other - Direct Permission,https://www.geoboundaries.org/api/current/gbOpen/TUV/ALL/,geoBoundaries,798,TV,TUV,TUV,61,Polynesia,61,Polynesia,9,Oceania,1,State,22/08/2022 00:00:00,1/8/22 0:00,intl, ,2.68971,116.0,201.0,192.0,182.0,183.0,199.0,182.0,172.0,191.0,183.0,171.0,240.0,179.0,160.0,157.0,164.0,166.0,161.0,158.0,161.0,157.0,175.0,185.0
128,TUV-20200925-7,TUV-ADM1-17741764B95409465,Vaitupu, , ,TUV-20220801,TUV,Tuvalu,Tuvalu,0,3,en, , ,1/1/14 0:00,25/09/2020 00:00:00,POPGIS, ,Other - Direct Permission,https://www.geoboundaries.org/api/current/gbOpen/TUV/ALL/,geoBoundaries,798,TV,TUV,TUV,61,Polynesia,61,Polynesia,9,Oceania,1,State,22/08/2022 00:00:00,1/8/22 0:00,intl, ,9.49244,144.0,183.0,166.0,169.0,174.0,181.0,178.0,174.0,204.0,185.0,213.0,235.0,184.0,166.0,161.0,138.0,163.0,176.0,178.0,154.0,187.0,193.0,221.0
129,UMI_1-20220801, , , , ,UMI_1-20220801,UMI_1,Baker Island (USA),United States Minor Outlying Islands,0,0, , , ,,, , , , , ,581,UM,UMI,USA,57,Micronesia,57,Micronesia,9,Oceania,5,Territory/Self-governing territory,22/08/2022 00:00:00,1/8/22 0:00,intl, ,1.67954,194.0,313.0,234.0,281.0,287.0,304.0,305.0,298.0,334.0,286.0,279.0,320.0,303.0,326.0,279.0,190.0,270.0,328.0,319.0,255.0,323.0,327.0,334.0
130,UMI_2-20220801, , , , ,UMI_2-20220801,UMI_2,Howland Island (USA),United States Minor Outlying Islands,0,0, , , ,,, , , , , ,581,UM,UMI,USA,57,Micronesia,57,Micronesia,9,Oceania,5,Territory/Self-governing territory,22/08/2022 00:00:00,1/8/22 0:00,intl, ,1.84751,192.0,301.0,225.0,284.0,278.0,301.0,288.0,292.0,333.0,280.0,290.0,316.0,282.0,326.0,275.0,178.0,279.0,317.0,319.0,236.0,319.0,321.0,338.0
131,UMI_3-20220801, , , , ,UMI_3-20220801,UMI_3,Jarvis Island (USA),United States Minor Outlying Islands,0,0, , , ,,, , , , , ,581,UM,UMI,USA,57,Micronesia,57,Micronesia,9,Oceania,5,Territory/Self-governing territory,22/08/2022 00:00:00,1/8/22 0:00,intl, ,4.5152,204.0,348.0,304.0,330.0,326.0,350.0,339.0,343.0,345.0,326.0,312.0,339.0,327.0,354.0,324.0,257.0,306.0,347.0,343.0,311.0,353.0,338.0,344.0
132,UMI_4-20220801, , , , ,UMI_4-20220801,UMI_4,Johnston Atoll (USA),United States Minor Outlying Islands,0,0, , , ,,, , , , , ,581,UM,UMI,USA,57,Micronesia,57,Micronesia,9,Oceania,5,Territory/Self-governing territory,22/08/2022 00:00:00,1/8/22 0:00,intl, ,3.0979,160.0,302.0,303.0,300.0,296.0,304.0,291.0,311.0,304.0,293.0,284.0,301.0,301.0,279.0,303.0,278.0,282.0,313.0,276.0,288.0,314.0,279.0,281.0
134,UMI_6-20220801, , , , ,UMI_6-20220801,UMI_6,Midway Islands (USA),United States Minor Outlying Islands,0,0, , , ,,, , , , , ,581,UM,UMI,USA,57,Micronesia,57,Micronesia,9,Oceania,5,Territory/Self-governing territory,22/08/2022 00:00:00,1/8/22 0:00,intl, ,7.82265,176.0,276.0,298.0,292.0,263.0,285.0,266.0,284.0,274.0,274.0,281.0,266.0,257.0,271.0,298.0,300.0,293.0,275.0,305.0,301.0,299.0,278.0,252.0
135,UMI_7-20220801, , , , ,UMI_7-20220801,UMI_7,Palmyra Atoll (USA),United States Minor Outlying Islands,0,0, , , ,,, , , , , ,581,UM,UMI,USA,57,Micronesia,57,Micronesia,9,Oceania,5,Territory/Self-governing territory,22/08/2022 00:00:00,1/8/22 0:00,intl, ,2.39415,129.0,188.0,134.0,161.0,142.0,147.0,147.0,203.0,194.0,151.0,204.0,194.0,198.0,188.0,108.0,122.0,206.0,191.0,144.0,141.0,176.0,174.0,134.0
136,UMI_8-20220801, , , , ,UMI_8-20220801,UMI_8,Wake Island (USA),United States Minor Outlying Islands,0,0, , , ,,, , , , , ,581,UM,UMI,USA,57,Micronesia,57,Micronesia,9,Oceania,5,Territory/Self-governing territory,22/08/2022 00:00:00,1/8/22 0:00,intl, ,8.09937,161.0,272.0,289.0,281.0,267.0,285.0,271.0,275.0,258.0,281.0,268.0,259.0,276.0,270.0,270.0,289.0,289.0,278.0,285.0,293.0,287.0,244.0,241.0
137,USA-20211120-03,USA-ADM1-66186276B85026453,American Samoa, , ,ASM-20220801,ASM,American Samoa (USA),American Samoa,0,2,en, , ,1/1/18 0:00,20/11/2021 00:00:00,United States Census Bureau,MAF/TIGER Database,Public Domain,https://www.geoboundaries.org/api/current/gbOpen/USA/ALL/,geoBoundaries,16,AS,ASM,USA,61,Polynesia,61,Polynesia,9,Oceania,3,Non-self-governing territory,22/08/2022 00:00:00,1/8/22 0:00,intl, ,213.75456,145.0,233.0,240.0,229.0,249.0,227.0,206.0,190.0,230.0,238.0,210.0,242.0,221.0,227.0,230.0,215.0,209.0,209.0,215.0,208.0,197.0,231.0,207.0
138,USA-20211120-08,USA-ADM1-66186276B63787455,Commonwealth of the Northern Mariana Islands, , ,MNP-20220801,MNP,Northern Mariana Islands (USA),Northern Mariana Islands,0,2,en, , ,1/1/18 0:00,20/11/2021 00:00:00,United States Census Bureau,MAF/TIGER Database,Public Domain,https://www.geoboundaries.org/api/current/gbOpen/USA/ALL/,geoBoundaries,580,MP,MNP,USA,57,Micronesia,57,Micronesia,9,Oceania,5,Territory/Self-governing territory,22/08/2022 00:00:00,1/8/22 0:00,intl, ,514.61236,156.0,273.0,290.0,280.0,295.0,281.0,289.0,281.0,279.0,285.0,286.0,293.0,287.0,282.0,261.0,302.0,271.0,266.0,277.0,273.0,278.0,250.0,249.0
139,USA-20211120-14,USA-ADM1-66186276B74231350,Guam, , ,GUM-20220801,GUM,Guam (USA),Guam,0,2,en, , ,1/1/18 0:00,20/11/2021 00:00:00,United States Census Bureau,MAF/TIGER Database,Public Domain,https://www.geoboundaries.org/api/current/gbOpen/USA/ALL/,geoBoundaries,316,GU,GUM,USA,57,Micronesia,57,Micronesia,9,Oceania,3,Non-self-governing territory,22/08/2022 00:00:00,1/8/22 0:00,intl, ,578.37702,117.0,238.0,264.0,234.0,232.0,247.0,247.0,237.0,236.0,237.0,244.0,217.0,233.0,244.0,218.0,255.0,260.0,231.0,244.0,256.0,245.0,235.0,211.0
140,VUT-20200925-1,VUT-ADM1-32282491B54390811,Malampa, , ,VUT-20220801,VUT,Vanuatu,Vanuatu,0,3,en, , ,1/1/14 0:00,25/09/2020 00:00:00,POPGIS, ,Other - Direct Permission,https://www.geoboundaries.org/api/current/gbOpen/VUT/ALL/,geoBoundaries,548,VU,VUT,VUT,54,Melanesia,54,Melanesia,9,Oceania,1,State,22/08/2022 00:00:00,1/8/22 0:00,intl, ,3047.95632,161.0,263.0,262.0,287.0,304.0,270.0,282.0,261.0,241.0,250.0,278.0,232.0,251.0,258.0,279.0,271.0,291.0,269.0,246.0,291.0,245.0,239.0,202.0
141,VUT-20200925-2,VUT-ADM1-32282491B12034043,Penama, , ,VUT-20220801,VUT,Vanuatu,Vanuatu,0,3,en, , ,1/1/14 0:00,25/09/2020 00:00:00,POPGIS, ,Other - Direct Permission,https://www.geoboundaries.org/api/current/gbOpen/VUT/ALL/,geoBoundaries,548,VU,VUT,VUT,54,Melanesia,54,Melanesia,9,Oceania,1,State,22/08/2022 00:00:00,1/8/22 0:00,intl, ,1293.86728,151.0,251.0,245.0,276.0,276.0,261.0,252.0,238.0,214.0,240.0,249.0,219.0,226.0,238.0,267.0,261.0,286.0,244.0,232.0,275.0,232.0,213.0,192.0
142,VUT-20200925-3,VUT-ADM1-32282491B1727129,Sanma, , ,VUT-20220801,VUT,Vanuatu,Vanuatu,0,3,en, , ,1/1/14 0:00,25/09/2020 00:00:00,POPGIS, ,Other - Direct Permission,https://www.geoboundaries.org/api/current/gbOpen/VUT/ALL/,geoBoundaries,548,VU,VUT,VUT,54,Melanesia,54,Melanesia,9,Oceania,1,State,22/08/2022 00:00:00,1/8/22 0:00,intl, ,4574.41619,154.0,255.0,243.0,280.0,290.0,251.0,259.0,237.0,227.0,238.0,257.0,215.0,227.0,242.0,268.0,268.0,288.0,258.0,232.0,278.0,234.0,216.0,213.0
143,VUT-20200925-4,VUT-ADM1-32282491B13542506,Shefa Province, , ,VUT-20220801,VUT,Vanuatu,Vanuatu,0,3,en, , ,1/1/14 0:00,25/09/2020 00:00:00,POPGIS, ,Other - Direct Permission,https://www.geoboundaries.org/api/current/gbOpen/VUT/ALL/,geoBoundaries,548,VU,VUT,VUT,54,Melanesia,54,Melanesia,9,Oceania,1,State,22/08/2022 00:00:00,1/8/22 0:00,intl, ,1652.37285,167.0,267.0,277.0,295.0,311.0,274.0,291.0,278.0,255.0,264.0,282.0,231.0,262.0,264.0,284.0,275.0,294.0,266.0,254.0,301.0,253.0,251.0,209.0
144,VUT-20200925-5,VUT-ADM1-32282491B18935951,Tafea, , ,VUT-20220801,VUT,Vanuatu,Vanuatu,0,3,en, , ,1/1/14 0:00,25/09/2020 00:00:00,POPGIS, ,Other - Direct Permission,https://www.geoboundaries.org/api/current/gbOpen/VUT/ALL/,geoBoundaries,548,VU,VUT,VUT,54,Melanesia,54,Melanesia,9,Oceania,1,State,22/08/2022 00:00:00,1/8/22 0:00,intl, ,1839.89014,177.0,285.0,286.0,307.0,321.0,287.0,298.0,297.0,277.0,283.0,289.0,261.0,270.0,274.0,288.0,291.0,299.0,273.0,276.0,301.0,280.0,261.0,227.0
145,VUT-20200925-6,VUT-ADM1-32282491B24377427,Torba, , ,VUT-20220801,VUT,Vanuatu,Vanuatu,0,3,en, , ,1/1/14 0:00,25/09/2020 00:00:00,POPGIS, ,Other - Direct Permission,https://www.geoboundaries.org/api/current/gbOpen/VUT/ALL/,geoBoundaries,548,VU,VUT,VUT,54,Melanesia,54,Melanesia,9,Oceania,1,State,22/08/2022 00:00:00,1/8/22 0:00,intl, ,915.78504,135.0,250.0,220.0,277.0,250.0,246.0,225.0,219.0,208.0,222.0,227.0,200.0,206.0,225.0,247.0,240.0,272.0,216.0,213.0,245.0,201.0,208.0,181.0
146,WLF-20220801, , , , ,WLF-20220801,WLF,Wallis and Futuna Islands (Fr.),Wallis and Futuna Islands,0,0, , , ,,, , , , , ,876,WF,WLF,FRA,61,Polynesia,61,Polynesia,9,Oceania,5,Territory/Self-governing territory,22/08/2022 00:00:00,1/8/22 0:00,intl, ,151.04717,127.0,217.0,227.0,233.0,192.0,217.0,210.0,185.0,203.0,217.0,199.0,210.0,212.0,177.0,210.0,214.0,210.0,162.0,179.0,159.0,167.0,185.0,173.0
147,WSM-20210716-01,WSM-ADM1-40696546B568151,A'ana, , ,WSM-20220801,WSM,Samoa,Samoa,0,2,en, , ,1/1/11 0:00,16/07/2021 00:00:00,Pacific Data Hub,SPC Statistics for Development Division (SDD),Creative Commons Attribution 4.0 (CC BY 4.0),https://www.geoboundaries.org/api/current/gbOpen/WSM/ALL/,geoBoundaries,882,WS,WSM,WSM,61,Polynesia,61,Polynesia,9,Oceania,1,State,22/08/2022 00:00:00,1/8/22 0:00,intl, ,204.56302,133.0,200.0,209.0,216.0,221.0,204.0,194.0,164.0,194.0,195.0,202.0,227.0,201.0,190.0,206.0,221.0,211.0,186.0,205.0,205.0,170.0,214.0,185.0
148,WSM-20210716-02,WSM-ADM1-40696546B30070787,Aiga-i-le-Tai, , ,WSM-20220801,WSM,Samoa,Samoa,0,2,en, , ,1/1/11 0:00,16/07/2021 00:00:00,Pacific Data Hub,SPC Statistics for Development Division (SDD),Creative Commons Attribution 4.0 (CC BY 4.0),https://www.geoboundaries.org/api/current/gbOpen/WSM/ALL/,geoBoundaries,882,WS,WSM,WSM,61,Polynesia,61,Polynesia,9,Oceania,1,State,22/08/2022 00:00:00,1/8/22 0:00,intl, ,29.46082,134.0,198.0,205.0,213.0,217.0,188.0,174.0,158.0,194.0,195.0,196.0,226.0,204.0,180.0,206.0,217.0,215.0,183.0,205.0,195.0,163.0,205.0,193.0
149,WSM-20210716-03,WSM-ADM1-40696546B41781197,Atua, , ,WSM-20220801,WSM,Samoa,Samoa,0,2,en, , ,1/1/11 0:00,16/07/2021 00:00:00,Pacific Data Hub,SPC Statistics for Development Division (SDD),Creative Commons Attribution 4.0 (CC BY 4.0),https://www.geoboundaries.org/api/current/gbOpen/WSM/ALL/,geoBoundaries,882,WS,WSM,WSM,61,Polynesia,61,Polynesia,9,Oceania,1,State,22/08/2022 00:00:00,1/8/22 0:00,intl, ,454.40678,130.0,200.0,208.0,204.0,228.0,201.0,190.0,186.0,202.0,216.0,195.0,218.0,214.0,208.0,189.0,213.0,201.0,178.0,201.0,196.0,175.0,209.0,186.0
150,WSM-20210716-04,WSM-ADM1-40696546B91323371,Fa'asaleleage, , ,WSM-20220801,WSM,Samoa,Samoa,0,2,en, , ,1/1/11 0:00,16/07/2021 00:00:00,Pacific Data Hub,SPC Statistics for Development Division (SDD),Creative Commons Attribution 4.0 (CC BY 4.0),https://www.geoboundaries.org/api/current/gbOpen/WSM/ALL/,geoBoundaries,882,WS,WSM,WSM,61,Polynesia,61,Polynesia,9,Oceania,1,State,22/08/2022 00:00:00,1/8/22 0:00,intl, ,277.22818,120.0,174.0,188.0,184.0,200.0,165.0,149.0,145.0,169.0,183.0,179.0,194.0,184.0,166.0,191.0,214.0,202.0,182.0,203.0,190.0,165.0,192.0,202.0
151,WSM-20210716-05,WSM-ADM1-40696546B44515204,Gaga'emauga, , ,WSM-20220801,WSM,Samoa,Samoa,0,2,en, , ,1/1/11 0:00,16/07/2021 00:00:00,Pacific Data Hub,SPC Statistics for Development Division (SDD),Creative Commons Attribution 4.0 (CC BY 4.0),https://www.geoboundaries.org/api/current/gbOpen/WSM/ALL/,geoBoundaries,882,WS,WSM,WSM,61,Polynesia,61,Polynesia,9,Oceania,1,State,22/08/2022 00:00:00,1/8/22 0:00,intl, ,245.07905,132.0,210.0,215.0,215.0,231.0,198.0,198.0,166.0,196.0,201.0,201.0,232.0,204.0,191.0,200.0,224.0,208.0,186.0,199.0,201.0,172.0,218.0,191.0
152,WSM-20210716-06,WSM-ADM1-40696546B48388885,Gaga'ifomauga, , ,WSM-20220801,WSM,Samoa,Samoa,0,2,en, , ,1/1/11 0:00,16/07/2021 00:00:00,Pacific Data Hub,SPC Statistics for Development Division (SDD),Creative Commons Attribution 4.0 (CC BY 4.0),https://www.geoboundaries.org/api/current/gbOpen/WSM/ALL/,geoBoundaries,882,WS,WSM,WSM,61,Polynesia,61,Polynesia,9,Oceania,1,State,22/08/2022 00:00:00,1/8/22 0:00,intl, ,482.04559,133.0,195.0,207.0,218.0,219.0,215.0,192.0,175.0,200.0,202.0,207.0,218.0,207.0,183.0,203.0,208.0,194.0,167.0,187.0,207.0,168.0,196.0,181.0
153,WSM-20210716-07,WSM-ADM1-40696546B22381772,Palauli, , ,WSM-20220801,WSM,Samoa,Samoa,0,2,en, , ,1/1/11 0:00,16/07/2021 00:00:00,Pacific Data Hub,SPC Statistics for Development Division (SDD),Creative Commons Attribution 4.0 (CC BY 4.0),https://www.geoboundaries.org/api/current/gbOpen/WSM/ALL/,geoBoundaries,882,WS,WSM,WSM,61,Polynesia,61,Polynesia,9,Oceania,1,State,22/08/2022 00:00:00,1/8/22 0:00,intl, ,555.4936,135.0,218.0,209.0,220.0,234.0,204.0,181.0,172.0,201.0,210.0,206.0,232.0,202.0,191.0,207.0,220.0,204.0,193.0,203.0,220.0,177.0,217.0,201.0
154,WSM-20210716-08,WSM-ADM1-40696546B90588116,Satupa'itea, , ,WSM-20220801,WSM,Samoa,Samoa,0,2,en, , ,1/1/11 0:00,16/07/2021 00:00:00,Pacific Data Hub,SPC Statistics for Development Division (SDD),Creative Commons Attribution 4.0 (CC BY 4.0),https://www.geoboundaries.org/api/current/gbOpen/WSM/ALL/,geoBoundaries,882,WS,WSM,WSM,61,Polynesia,61,Polynesia,9,Oceania,1,State,22/08/2022 00:00:00,1/8/22 0:00,intl, ,178.24523,128.0,203.0,206.0,225.0,217.0,208.0,198.0,172.0,201.0,207.0,209.0,228.0,205.0,176.0,197.0,214.0,190.0,173.0,192.0,201.0,176.0,192.0,191.0
155,WSM-20210716-09,WSM-ADM1-40696546B95868609,Tuamasaga, , ,WSM-20220801,WSM,Samoa,Samoa,0,2,en, , ,1/1/11 0:00,16/07/2021 00:00:00,Pacific Data Hub,SPC Statistics for Development Division (SDD),Creative Commons Attribution 4.0 (CC BY 4.0),https://www.geoboundaries.org/api/current/gbOpen/WSM/ALL/,geoBoundaries,882,WS,WSM,WSM,61,Polynesia,61,Polynesia,9,Oceania,1,State,22/08/2022 00:00:00,1/8/22 0:00,intl, ,464.83587,130.0,210.0,215.0,215.0,233.0,198.0,198.0,166.0,196.0,201.0,202.0,232.0,203.0,198.0,200.0,224.0,208.0,186.0,201.0,201.0,175.0,218.0,191.0
156,WSM-20210716-10,WSM-ADM1-40696546B68230151,Va'a-o-Fonoti, , ,WSM-20220801,WSM,Samoa,Samoa,0,2,en, , ,1/1/11 0:00,16/07/2021 00:00:00,Pacific Data Hub,SPC Statistics for Development Division (SDD),Creative Commons Attribution 4.0 (CC BY 4.0),https://www.geoboundaries.org/api/current/gbOpen/WSM/ALL/,geoBoundaries,882,WS,WSM,WSM,61,Polynesia,61,Polynesia,9,Oceania,1,State,22/08/2022 00:00:00,1/8/22 0:00,intl, ,35.14404,119.0,172.0,188.0,198.0,206.0,195.0,173.0,158.0,182.0,193.0,188.0,206.0,197.0,194.0,189.0,197.0,196.0,171.0,188.0,181.0,155.0,173.0,176.0
157,WSM-20210716-11,WSM-ADM1-40696546B87181747,Vaisigano, , ,WSM-20220801,WSM,Samoa,Samoa,0,2,en, , ,1/1/11 0:00,16/07/2021 00:00:00,Pacific Data Hub,SPC Statistics for Development Division (SDD),Creative Commons Attribution 4.0 (CC BY 4.0),https://www.geoboundaries.org/api/current/gbOpen/WSM/ALL/,geoBoundaries,882,WS,WSM,WSM,61,Polynesia,61,Polynesia,9,Oceania,1,State,22/08/2022 00:00:00,1/8/22 0:00,intl, ,96.56671,136.0,207.0,224.0,231.0,219.0,219.0,198.0,180.0,212.0,218.0,215.0,230.0,208.0,194.0,204.0,214.0,197.0,173.0,195.0,215.0,178.0,194.0,192.0
